Hours since 00:00 Jan 1,System power generated (kW)
0,0
1,0
2,0
3,0
4,0
5,0
6,0
7,0
8,0.271229
9,0.458999
10,0.586932
11,0.661031
12,0.678986
13,0.630246
14,0.526582
15,0.359405
16,0.116105
17,0
18,0
19,0
20,0
21,0
22,0
23,0
24,0
25,0
26,0
27,0
28,0
29,0
30,0
31,0
32,0.258005
33,0.444973
34,0.57736
35,0.648568
36,0.664389
37,0.626923
38,0.522159
39,0.356084
40,0.114063
41,0
42,0
43,0
44,0
45,0
46,0
47,0
48,0
49,0
50,0
51,0
52,0
53,0
54,0
55,0
56,0.255187
57,0.438744
58,0.576649
59,0.645035
60,0.656942
61,0.609116
62,0.507042
63,0.339773
64,0.107489
65,0
66,0
67,0
68,0
69,0
70,0
71,0
72,0
73,0
74,0
75,0
76,0
77,0
78,0
79,0
80,0.252759
81,0.434693
82,0.56585
83,0.637879
84,0.653118
85,0.607293
86,0.413117
87,0.346277
88,0.119118
89,0
90,0
91,0
92,0
93,0
94,0
95,0
96,0
97,0
98,0
99,0
100,0
101,0
102,0
103,0
104,0.250819
105,0.433979
106,0.557315
107,0.626541
108,0.639965
109,0.600966
110,0.501146
111,0.267011
112,0.127616
113,0
114,0
115,0
116,0
117,0
118,0
119,0
120,0
121,0
122,0
123,0
124,0
125,0
126,0
127,0
128,0.251667
129,0.435418
130,0.560795
131,0.631636
132,0.6455
133,0.606573
134,0.505771
135,0.352253
136,0.131672
137,0
138,0
139,0
140,0
141,0
142,0
143,0
144,0
145,0
146,0
147,0
148,0
149,0
150,0
151,0
152,0.248237
153,0.431574
154,0.565988
155,0.637643
156,0.395881
157,0.281135
158,0.51024
159,0.234336
160,0.0583737
161,0
162,0
163,0
164,0
165,0
166,0
167,0
168,0
169,0
170,0
171,0
172,0
173,0
174,0
175,0
176,0.228763
177,0.407636
178,0.539948
179,0.609334
180,0.623008
181,0.586882
182,0.485666
183,0.030053
184,0.062404
185,0
186,0
187,0
188,0
189,0
190,0
191,0
192,0
193,0
194,0
195,0
196,0
197,0
198,0
199,0
200,0.164586
201,0.106874
202,0.180264
203,0.375908
204,0.379438
205,0.317251
206,0.316648
207,0.354981
208,0.129984
209,0
210,0
211,0
212,0
213,0
214,0
215,0
216,0
217,0
218,0
219,0
220,0
221,0
222,0
223,0
224,0.0351118
225,0.0715575
226,0.171872
227,0.0682237
228,0.141942
229,0.159685
230,0.0957367
231,0.0544647
232,0
233,0
234,0
235,0
236,0
237,0
238,0
239,0
240,0
241,0
242,0
243,0
244,0
245,0
246,0
247,0
248,0.0404792
249,0.10763
250,0.0804545
251,0.16478
252,0.230011
253,0.160462
254,0.0373162
255,0.0284385
256,0.00667536
257,0
258,0
259,0
260,0
261,0
262,0
263,0
264,0
265,0
266,0
267,0
268,0
269,0
270,0
271,0
272,0.160972
273,0.300679
274,0.410692
275,0.494333
276,0.553096
277,0.47072
278,0.492602
279,0.33499
280,0.122965
281,0
282,0
283,0
284,0
285,0
286,0
287,0
288,0
289,0
290,0
291,0
292,0
293,0
294,0
295,0
296,0.12044
297,0.432972
298,0.564117
299,0.64248
300,0.668824
301,0.637179
302,0.545394
303,0.386744
304,0.161768
305,0
306,0
307,0
308,0
309,0
310,0
311,0
312,0
313,0
314,0
315,0
316,0
317,0
318,0
319,0
320,0.252523
321,0.433404
322,0.563082
323,0.642684
324,0.665578
325,0.630971
326,0.538002
327,0.384059
328,0.164358
329,0
330,0
331,0
332,0
333,0
334,0
335,0
336,0
337,0
338,0
339,0
340,0
341,0
342,0
343,0
344,0.254956
345,0.447474
346,0.580875
347,0.659422
348,0.678609
349,0.640995
350,0.543119
351,0.385995
352,0.162617
353,0
354,0
355,0
356,0
357,0
358,0
359,0
360,0
361,0
362,0
363,0
364,0
365,0
366,0
367,0
368,0.249208
369,0.436271
370,0.458735
371,0.515744
372,0.600655
373,0.46194
374,0.524815
375,0.374985
376,0.160891
377,0
378,0
379,0
380,0
381,0
382,0
383,0
384,0
385,0
386,0
387,0
388,0
389,0
390,0
391,0
392,0.245513
393,0.42158
394,0.545242
395,0.607926
396,0.62395
397,0.60135
398,0.517672
399,0.375523
400,0.160924
401,0
402,0
403,0
404,0
405,0
406,0
407,0
408,0
409,0
410,0
411,0
412,0
413,0
414,0
415,0
416,0.244162
417,0.307131
418,0.553022
419,0.526845
420,0.453612
421,0.360733
422,0.309864
423,0.360048
424,0.148453
425,0
426,0
427,0
428,0
429,0
430,0
431,0
432,0
433,0
434,0
435,0
436,0
437,0
438,0
439,0
440,0.169134
441,0.422385
442,0.545661
443,0.625188
444,0.649475
445,0.622989
446,0.532222
447,0.38404
448,0.172796
449,0
450,0
451,0
452,0
453,0
454,0
455,0
456,0
457,0
458,0
459,0
460,0
461,0
462,0
463,0
464,0.0802983
465,0.182596
466,0.375957
467,0.202518
468,0.472326
469,0.247142
470,0.134935
471,0.00483284
472,0.026095
473,0
474,0
475,0
476,0
477,0
478,0
479,0
480,0
481,0
482,0
483,0
484,0
485,0
486,0
487,0
488,0.0899882
489,0.434815
490,0.569612
491,0.653517
492,0.679757
493,0.64948
494,0.557655
495,0.40603
496,0.18865
497,0
498,0
499,0
500,0
501,0
502,0
503,0
504,0
505,0
506,0
507,0
508,0
509,0
510,0
511,0
512,0.168689
513,0.341938
514,0.467031
515,0.569126
516,0.453244
517,0.534394
518,0.358376
519,0.263051
520,0.0480297
521,0
522,0
523,0
524,0
525,0
526,0
527,0
528,0
529,0
530,0
531,0
532,0
533,0
534,0
535,0.0519724
536,0.25694
537,0.450327
538,0.58596
539,0.658964
540,0.668994
541,0.631422
542,0.540327
543,0.397237
544,0.191582
545,0
546,0
547,0
548,0
549,0
550,0
551,0
552,0
553,0
554,0
555,0
556,0
557,0
558,0
559,0.054884
560,0.263358
561,0.456839
562,0.598545
563,0.680351
564,0.699389
565,0.661666
566,0.563973
567,0.41053
568,0.192149
569,0
570,0
571,0
572,0
573,0
574,0
575,0
576,0
577,0
578,0
579,0
580,0
581,0
582,0
583,0.0549425
584,0.260107
585,0.444284
586,0.577412
587,0.653015
588,0.671619
589,0.640528
590,0.324428
591,0.0970891
592,0.0204467
593,0
594,0
595,0
596,0
597,0
598,0
599,0
600,0
601,0
602,0
603,0
604,0
605,0
606,0
607,0.00599296
608,0.0843542
609,0.21649
610,0.363134
611,0.470217
612,0.196577
613,0.175743
614,0.0648979
615,0.0403115
616,0.0274195
617,0
618,0
619,0
620,0
621,0
622,0
623,0
624,0
625,0
626,0
627,0
628,0
629,0
630,0
631,0.027651
632,0.237779
633,0.424255
634,0.564379
635,0.636461
636,0.6549
637,0.626
638,0.536697
639,0.269305
640,0.0912566
641,0
642,0
643,0
644,0
645,0
646,0
647,0
648,0
649,0
650,0
651,0
652,0
653,0
654,0
655,0.0208253
656,0.199021
657,0.290528
658,0.455812
659,0.468931
660,0.477985
661,0.419799
662,0.214019
663,0.0900895
664,0
665,0
666,0
667,0
668,0
669,0
670,0
671,0
672,0
673,0
674,0
675,0
676,0
677,0
678,0
679,0.0120515
680,0.0833689
681,0.219448
682,0.25538
683,0.448417
684,0.451644
685,0.327978
686,0.232263
687,0.121845
688,0.0139876
689,0
690,0
691,0
692,0
693,0
694,0
695,0
696,0
697,0
698,0
699,0
700,0
701,0
702,0
703,0.0271674
704,0.0217567
705,0.0596459
706,0.0953297
707,0.173432
708,0.466968
709,0.33845
710,0.266894
711,0.0164342
712,0.000633826
713,0
714,0
715,0
716,0
717,0
718,0
719,0
720,0
721,0
722,0
723,0
724,0
725,0
726,0
727,0.0105545
728,0.0391906
729,0.277623
730,0.422685
731,0.651202
732,0.667481
733,0.505549
734,0.546377
735,0.396249
736,0.191653
737,0
738,0
739,0
740,0
741,0
742,0
743,0
744,0
745,0
746,0
747,0
748,0
749,0
750,0
751,0.0549916
752,0.257181
753,0.31421
754,0.591001
755,0.666217
756,0.691449
757,0.65927
758,0.568207
759,0.416504
760,0.203474
761,0
762,0
763,0
764,0
765,0
766,0
767,0
768,0
769,0
770,0
771,0
772,0
773,0
774,0
775,0.0627573
776,0.276692
777,0.474226
778,0.609357
779,0.695449
780,0.724073
781,0.693072
782,0.601189
783,0.447118
784,0.212604
785,0
786,0
787,0
788,0
789,0
790,0
791,0
792,0
793,0
794,0
795,0
796,0
797,0
798,0
799,0.0648316
800,0.278075
801,0.467967
802,0.595306
803,0.667832
804,0.692349
805,0.672341
806,0.586378
807,0.444661
808,0.230155
809,0
810,0
811,0
812,0
813,0
814,0
815,0
816,0
817,0
818,0
819,0
820,0
821,0
822,0
823,0.0480129
824,0.280991
825,0.478154
826,0.618389
827,0.697626
828,0.718413
829,0.684519
830,0.59172
831,0.44185
832,0.221745
833,0
834,0
835,0
836,0
837,0
838,0
839,0
840,0
841,0
842,0
843,0
844,0
845,0
846,0
847,0.0671432
848,0.283382
849,0.482624
850,0.623172
851,0.702961
852,0.726182
853,0.690949
854,0.597836
855,0.444055
856,0.105137
857,0
858,0
859,0
860,0
861,0
862,0
863,0
864,0
865,0
866,0
867,0
868,0
869,0
870,0
871,0.0353959
872,0.0708916
873,0.235437
874,0.298522
875,0.265186
876,0.491717
877,0.401983
878,0.20723
879,0.0331391
880,0
881,0
882,0
883,0
884,0
885,0
886,0
887,0
888,0
889,0
890,0
891,0
892,0
893,0
894,0
895,0
896,0.10712
897,0.098029
898,0.160826
899,0.332203
900,0.0652976
901,0.11104
902,0.0270115
903,0.100145
904,0
905,0
906,0
907,0
908,0
909,0
910,0
911,0
912,0
913,0
914,0
915,0
916,0
917,0
918,0
919,0.0665379
920,0.277464
921,0.468444
922,0.605498
923,0.68499
924,0.704581
925,0.672094
926,0.586957
927,0.443918
928,0.227736
929,0
930,0
931,0
932,0
933,0
934,0
935,0
936,0
937,0
938,0
939,0
940,0
941,0
942,0
943,0.0699472
944,0.277229
945,0.464748
946,0.599388
947,0.682533
948,0.712524
949,0.689918
950,0.604889
951,0.455868
952,0.246887
953,0
954,0
955,0
956,0
957,0
958,0
959,0
960,0
961,0
962,0
963,0
964,0
965,0
966,0
967,0.0718167
968,0.285011
969,0.468517
970,0.597729
971,0.67752
972,0.710292
973,0.686265
974,0.596789
975,0.450992
976,0.112197
977,0
978,0
979,0
980,0
981,0
982,0
983,0
984,0
985,0
986,0
987,0
988,0
989,0
990,0
991,0.0186356
992,0.144196
993,0.0779287
994,0.354062
995,0.289082
996,0.489528
997,0.403302
998,0.245338
999,0.0176191
1000,0.00586319
1001,0
1002,0
1003,0
1004,0
1005,0
1006,0
1007,0
1008,0
1009,0
1010,0
1011,0
1012,0
1013,0
1014,0
1015,0.0742568
1016,0.28783
1017,0.338059
1018,0.434396
1019,0.563453
1020,0.0979739
1021,0.404934
1022,0.351644
1023,0.0225378
1024,0.236512
1025,0
1026,0
1027,0
1028,0
1029,0
1030,0
1031,0
1032,0
1033,0
1034,0
1035,0
1036,0
1037,0
1038,0
1039,0
1040,0.00337287
1041,0.0478295
1042,0.0179214
1043,0.209945
1044,0.0745888
1045,0.128768
1046,0.64301
1047,0.481751
1048,0.122408
1049,0
1050,0
1051,0
1052,0
1053,0
1054,0
1055,0
1056,0
1057,0
1058,0
1059,0
1060,0
1061,0
1062,0
1063,0.07976
1064,0.296487
1065,0.495431
1066,0.652282
1067,0.73863
1068,0.763758
1069,0.297433
1070,0.636959
1071,0.215245
1072,0.247304
1073,0
1074,0
1075,0
1076,0
1077,0
1078,0
1079,0
1080,0
1081,0
1082,0
1083,0
1084,0
1085,0
1086,0
1087,0
1088,0.0120846
1089,0.0206193
1090,0.0803609
1091,0.0214816
1092,0.4425
1093,0.443152
1094,0.0194952
1095,0.00597378
1096,0.259083
1097,0
1098,0
1099,0
1100,0
1101,0
1102,0
1103,0
1104,0
1105,0
1106,0
1107,0
1108,0
1109,0
1110,0
1111,0.0873025
1112,0.309259
1113,0.50463
1114,0.641859
1115,0.722784
1116,0.749603
1117,0.333511
1118,0.630835
1119,0.16762
1120,0.131825
1121,0
1122,0
1123,0
1124,0
1125,0
1126,0
1127,0
1128,0
1129,0
1130,0
1131,0
1132,0
1133,0
1134,0
1135,0.0910965
1136,0.228232
1137,0.504839
1138,0.64247
1139,0.726225
1140,0.623437
1141,0.565813
1142,0.633197
1143,0.481303
1144,0.264734
1145,0
1146,0
1147,0
1148,0
1149,0
1150,0
1151,0
1152,0
1153,0
1154,0
1155,0
1156,0
1157,0
1158,0
1159,0.0873168
1160,0.300272
1161,0.484295
1162,0.620104
1163,0.704331
1164,0.731832
1165,0.70661
1166,0.609777
1167,0.449251
1168,0.114118
1169,0
1170,0
1171,0
1172,0
1173,0
1174,0
1175,0
1176,0
1177,0
1178,0
1179,0
1180,0
1181,0
1182,0
1183,0.0866904
1184,0.30254
1185,0.317652
1186,0.652411
1187,0.534811
1188,0.413151
1189,0.343279
1190,0.49
1191,0.257841
1192,0.10445
1193,0
1194,0
1195,0
1196,0
1197,0
1198,0
1199,0
1200,0
1201,0
1202,0
1203,0
1204,0
1205,0
1206,0
1207,0
1208,0.118867
1209,0.360965
1210,0.302687
1211,0.461276
1212,0.437799
1213,0.505744
1214,0.617665
1215,0.462402
1216,0.243454
1217,0.0133756
1218,0
1219,0
1220,0
1221,0
1222,0
1223,0
1224,0
1225,0
1226,0
1227,0
1228,0
1229,0
1230,0
1231,0.100566
1232,0.30563
1233,0.491143
1234,0.609439
1235,0.687611
1236,0.587316
1237,0.55655
1238,0.430385
1239,0.347577
1240,0.117431
1241,0.00149392
1242,0
1243,0
1244,0
1245,0
1246,0
1247,0
1248,0
1249,0
1250,0
1251,0
1252,0
1253,0
1254,0
1255,0.0998876
1256,0.23204
1257,0.442957
1258,0.519843
1259,0.688749
1260,0.720032
1261,0.697549
1262,0.617317
1263,0.477571
1264,0.271589
1265,0.0080683
1266,0
1267,0
1268,0
1269,0
1270,0
1271,0
1272,0
1273,0
1274,0
1275,0
1276,0
1277,0
1278,0
1279,0.102818
1280,0.311705
1281,0.496127
1282,0.634807
1283,0.716713
1284,0.738968
1285,0.710724
1286,0.624985
1287,0.481459
1288,0.131315
1289,0.0328583
1290,0
1291,0
1292,0
1293,0
1294,0
1295,0
1296,0
1297,0
1298,0
1299,0
1300,0
1301,0
1302,0
1303,0.10364
1304,0.321863
1305,0.510286
1306,0.637438
1307,0.706942
1308,0.721223
1309,0.690296
1310,0.606261
1311,0.468426
1312,0.259662
1313,0.0251634
1314,0
1315,0
1316,0
1317,0
1318,0
1319,0
1320,0
1321,0
1322,0
1323,0
1324,0
1325,0
1326,0
1327,0.0109653
1328,0.116224
1329,0.514231
1330,0.655293
1331,0.737506
1332,0.766779
1333,0.744295
1334,0.655229
1335,0.502097
1336,0.292569
1337,0.041472
1338,0
1339,0
1340,0
1341,0
1342,0
1343,0
1344,0
1345,0
1346,0
1347,0
1348,0
1349,0
1350,0
1351,0.02653
1352,0.0549971
1353,0.0730118
1354,0.295084
1355,0.743718
1356,0.765353
1357,0.734257
1358,0.640053
1359,0.479207
1360,0.261799
1361,0.0249498
1362,0
1363,0
1364,0
1365,0
1366,0
1367,0
1368,0
1369,0
1370,0
1371,0
1372,0
1373,0
1374,0
1375,0.0588402
1376,0.0318768
1377,0.014545
1378,0.0763771
1379,0.438089
1380,0.142554
1381,0.182173
1382,0.122529
1383,0.0727425
1384,0.0469851
1385,0.00346684
1386,0
1387,0
1388,0
1389,0
1390,0
1391,0
1392,0
1393,0
1394,0
1395,0
1396,0
1397,0
1398,0
1399,0.12375
1400,0.337648
1401,0.538538
1402,0.676106
1403,0.753035
1404,0.534236
1405,0.534537
1406,0.16734
1407,0.424739
1408,0.00663109
1409,0
1410,0
1411,0
1412,0
1413,0
1414,0
1415,0
1416,0
1417,0
1418,0
1419,0
1420,0
1421,0
1422,0
1423,0.00326826
1424,0.0286894
1425,0.23699
1426,0.216091
1427,0.216861
1428,0.375883
1429,0.00832973
1430,0.177585
1431,0.0947609
1432,0
1433,0
1434,0
1435,0
1436,0
1437,0
1438,0
1439,0
1440,0
1441,0
1442,0
1443,0
1444,0
1445,0
1446,0
1447,0.0214198
1448,0.0884721
1449,0.191286
1450,0.346048
1451,0.350169
1452,0.290517
1453,0.137338
1454,0.149362
1455,0.120585
1456,0.117054
1457,0.0126074
1458,0
1459,0
1460,0
1461,0
1462,0
1463,0
1464,0
1465,0
1466,0
1467,0
1468,0
1469,0
1470,0
1471,0.0989624
1472,0.254391
1473,0.361818
1474,0.647654
1475,0.620328
1476,0.724886
1477,0.551744
1478,0.502338
1479,0.353851
1480,0.149744
1481,0.00407182
1482,0
1483,0
1484,0
1485,0
1486,0
1487,0
1488,0
1489,0
1490,0
1491,0
1492,0
1493,0
1494,0
1495,0.041446
1496,0.155541
1497,0.291751
1498,0.387204
1499,0.607525
1500,0.526467
1501,0.525803
1502,0.63744
1503,0.488666
1504,0.285678
1505,0.0521856
1506,0
1507,0
1508,0
1509,0
1510,0
1511,0
1512,0
1513,0
1514,0
1515,0
1516,0
1517,0
1518,0
1519,0.128174
1520,0.338823
1521,0.51066
1522,0.544626
1523,0.702076
1524,0.732309
1525,0.708709
1526,0.441236
1527,0.485887
1528,0.181369
1529,0.0250972
1530,0
1531,0
1532,0
1533,0
1534,0
1535,0
1536,0
1537,0
1538,0
1539,0
1540,0
1541,0
1542,0
1543,0.0902539
1544,0.218374
1545,0.359592
1546,0.643857
1547,0.711045
1548,0.738214
1549,0.715542
1550,0.629389
1551,0.476253
1552,0.276938
1553,0.0526512
1554,0
1555,0
1556,0
1557,0
1558,0
1559,0
1560,0
1561,0
1562,0
1563,0
1564,0
1565,0
1566,0
1567,0.0566135
1568,0.119933
1569,0.544695
1570,0.583061
1571,0.638902
1572,0.601075
1573,0.529788
1574,0.563162
1575,0.466996
1576,0.299711
1577,0.0297379
1578,0
1579,0
1580,0
1581,0
1582,0
1583,0
1584,0
1585,0
1586,0
1587,0
1588,0
1589,0
1590,0
1591,0.143672
1592,0.364327
1593,0.543746
1594,0.673933
1595,0.749712
1596,0.772683
1597,0.7436
1598,0.658779
1599,0.442362
1600,0.268966
1601,0.0668045
1602,0
1603,0
1604,0
1605,0
1606,0
1607,0
1608,0
1609,0
1610,0
1611,0
1612,0
1613,0
1614,0
1615,0.0595782
1616,0.30955
1617,0.553168
1618,0.689405
1619,0.764202
1620,0.778621
1621,0.744642
1622,0.656846
1623,0.509219
1624,0.229577
1625,0.0522657
1626,0
1627,0
1628,0
1629,0
1630,0
1631,0
1632,0
1633,0
1634,0
1635,0
1636,0
1637,0
1638,0
1639,0.144928
1640,0.280816
1641,0.457381
1642,0.551606
1643,0.739775
1644,0.760365
1645,0.736978
1646,0.650746
1647,0.500608
1648,0.29864
1649,0.0679981
1650,0
1651,0
1652,0
1653,0
1654,0
1655,0
1656,0
1657,0
1658,0
1659,0
1660,0
1661,0
1662,0
1663,0.125482
1664,0.368831
1665,0.361945
1666,0.492093
1667,0.568688
1668,0.581343
1669,0.526654
1670,0.343433
1671,0.370365
1672,0.27013
1673,0.0419439
1674,0
1675,0
1676,0
1677,0
1678,0
1679,0
1680,0
1681,0
1682,0
1683,0
1684,0
1685,0
1686,0
1687,0.152844
1688,0.376011
1689,0.567665
1690,0.703218
1691,0.77594
1692,0.78946
1693,0.752683
1694,0.660727
1695,0.512654
1696,0.309536
1697,0.0742886
1698,0
1699,0
1700,0
1701,0
1702,0
1703,0
1704,0
1705,0
1706,0
1707,0
1708,0
1709,0
1710,0
1711,0.154724
1712,0.371213
1713,0.553589
1714,0.684405
1715,0.757664
1716,0.776649
1717,0.747551
1718,0.660735
1719,0.512153
1720,0.308874
1721,0.0736095
1722,0
1723,0
1724,0
1725,0
1726,0
1727,0
1728,0
1729,0
1730,0
1731,0
1732,0
1733,0
1734,0
1735,0.160285
1736,0.378188
1737,0.56008
1738,0.68794
1739,0.760345
1740,0.781139
1741,0.75034
1742,0.661711
1743,0.51478
1744,0.268712
1745,0.0768101
1746,0
1747,0
1748,0
1749,0
1750,0
1751,0
1752,0
1753,0
1754,0
1755,0
1756,0
1757,0
1758,0
1759,0.160674
1760,0.381227
1761,0.567511
1762,0.697922
1763,0.777686
1764,0.797283
1765,0.767189
1766,0.676002
1767,0.525027
1768,0.316634
1769,0.0779488
1770,0
1771,0
1772,0
1773,0
1774,0
1775,0
1776,0
1777,0
1778,0
1779,0
1780,0
1781,0
1782,0
1783,0.160265
1784,0.36594
1785,0.538021
1786,0.670283
1787,0.735583
1788,0.760988
1789,0.737321
1790,0.655838
1791,0.510933
1792,0.316468
1793,0.0852725
1794,0
1795,0
1796,0
1797,0
1798,0
1799,0
1800,0
1801,0
1802,0
1803,0
1804,0
1805,0
1806,0
1807,0.165224
1808,0.386187
1809,0.571002
1810,0.706316
1811,0.783429
1812,0.811703
1813,0.778967
1814,0.688773
1815,0.536181
1816,0.330163
1817,0.0568725
1818,0
1819,0
1820,0
1821,0
1822,0
1823,0
1824,0
1825,0
1826,0
1827,0
1828,0
1829,0
1830,0
1831,0.0706285
1832,0.305885
1833,0.57738
1834,0.703043
1835,0.778489
1836,0.800161
1837,0.759914
1838,0.670398
1839,0.521117
1840,0.314118
1841,0.0810541
1842,0
1843,0
1844,0
1845,0
1846,0
1847,0
1848,0
1849,0
1850,0
1851,0
1852,0
1853,0
1854,0
1855,0.173014
1856,0.385063
1857,0.555846
1858,0.683581
1859,0.760061
1860,0.783772
1861,0.752801
1862,0.66733
1863,0.518796
1864,0.321749
1865,0.0887434
1866,0
1867,0
1868,0
1869,0
1870,0
1871,0
1872,0
1873,0
1874,0
1875,0
1876,0
1877,0
1878,0.0216148
1879,0.138938
1880,0.300426
1881,0.474686
1882,0.609972
1883,0.682569
1884,0.701236
1885,0.628477
1886,0.502006
1887,0.513915
1888,0.313352
1889,0.084589
1890,0
1891,0
1892,0
1893,0
1894,0
1895,0
1896,0
1897,0
1898,0
1899,0
1900,0
1901,0
1902,0.0290964
1903,0.0457006
1904,0.145805
1905,0.411248
1906,0.552459
1907,0.602615
1908,0.582663
1909,0.753108
1910,0.661337
1911,0.506065
1912,0.204216
1913,0.0743468
1914,0
1915,0
1916,0
1917,0
1918,0
1919,0
1920,0
1921,0
1922,0
1923,0
1924,0
1925,0
1926,0.0088221
1927,0.0363925
1928,0.105399
1929,0.274767
1930,0.360627
1931,0.605265
1932,0.780553
1933,0.752728
1934,0.664508
1935,0.191967
1936,0.107922
1937,0.0810421
1938,0
1939,0
1940,0
1941,0
1942,0
1943,0
1944,0
1945,0
1946,0
1947,0
1948,0
1949,0
1950,0.0308439
1951,0.144103
1952,0.278245
1953,0.388914
1954,0.564825
1955,0.584762
1956,0.620296
1957,0.535589
1958,0.527492
1959,0.378141
1960,0.187838
1961,0.0433811
1962,0
1963,0
1964,0
1965,0
1966,0
1967,0
1968,0
1969,0
1970,0
1971,0
1972,0
1973,0
1974,0.00268514
1975,0.0350486
1976,0.0776365
1977,0.23292
1978,0.379309
1979,0.632914
1980,0.74821
1981,0.714782
1982,0.627639
1983,0.48201
1984,0.287782
1985,0.051413
1986,0
1987,0
1988,0
1989,0
1990,0
1991,0
1992,0
1993,0
1994,0
1995,0
1996,0
1997,0
1998,0.038674
1999,0.0401856
2000,0.0840064
2001,0.116683
2002,0.307604
2003,0.352257
2004,0.405237
2005,0.269076
2006,0.161226
2007,0.115829
2008,0.0642266
2009,0.0100733
2010,0
2011,0
2012,0
2013,0
2014,0
2015,0
2016,0
2017,0
2018,0
2019,0
2020,0
2021,0
2022,0.0351316
2023,0.192655
2024,0.114644
2025,0.29297
2026,0.0662702
2027,0.18813
2028,0.836822
2029,0.794645
2030,0.273814
2031,0.196443
2032,0.0548507
2033,0.026277
2034,0
2035,0
2036,0
2037,0
2038,0
2039,0
2040,0
2041,0
2042,0
2043,0
2044,0
2045,0
2046,0.0370762
2047,0.196349
2048,0.412902
2049,0.593903
2050,0.720196
2051,0.784302
2052,0.61871
2053,0.564847
2054,0.337874
2055,0.17219
2056,0.319658
2057,0.0905841
2058,0
2059,0
2060,0
2061,0
2062,0
2063,0
2064,0
2065,0
2066,0
2067,0
2068,0
2069,0
2070,0.0385877
2071,0.19622
2072,0.404163
2073,0.574064
2074,0.691084
2075,0.675682
2076,0.672712
2077,0.619164
2078,0.539171
2079,0.399234
2080,0.232739
2081,0.0459987
2082,0
2083,0
2084,0
2085,0
2086,0
2087,0
2088,0
2089,0
2090,0
2091,0
2092,0
2093,0
2094,0.0265492
2095,0.163496
2096,0.298299
2097,0.566839
2098,0.67989
2099,0.628277
2100,0.678219
2101,0.606212
2102,0.549474
2103,0.392062
2104,0.256612
2105,0.0532136
2106,0
2107,0
2108,0
2109,0
2110,0
2111,0
2112,0
2113,0
2114,0
2115,0
2116,0
2117,0
2118,0.0349588
2119,0.210905
2120,0.438981
2121,0.624993
2122,0.759596
2123,0.835142
2124,0.848034
2125,0.805912
2126,0.705473
2127,0.549563
2128,0.34149
2129,0.107142
2130,0
2131,0
2132,0
2133,0
2134,0
2135,0
2136,0
2137,0
2138,0
2139,0
2140,0
2141,0
2142,0.0379794
2143,0.20559
2144,0.420058
2145,0.599687
2146,0.727335
2147,0.798161
2148,0.821922
2149,0.791507
2150,0.701003
2151,0.550384
2152,0.317014
2153,0.100183
2154,0
2155,0
2156,0
2157,0
2158,0
2159,0
2160,0
2161,0
2162,0
2163,0
2164,0
2165,0
2166,0.0330261
2167,0.197868
2168,0.405901
2169,0.566765
2170,0.668862
2171,0.713939
2172,0.727434
2173,0.714125
2174,0.641974
2175,0.50905
2176,0.325045
2177,0.109056
2178,0
2179,0
2180,0
2181,0
2182,0
2183,0
2184,0
2185,0
2186,0
2187,0
2188,0
2189,0
2190,0.0198878
2191,0.162024
2192,0.375906
2193,0.591365
2194,0.500499
2195,0.121977
2196,0.353065
2197,0.385346
2198,0.410781
2199,0.22273
2200,0.129803
2201,0.0589468
2202,0
2203,0
2204,0
2205,0
2206,0
2207,0
2208,0
2209,0
2210,0
2211,0
2212,0
2213,0
2214,0.0189458
2215,0.170151
2216,0.311343
2217,0.201832
2218,0.235149
2219,0.202288
2220,0.181954
2221,0.145365
2222,0.115374
2223,0.131089
2224,0.11902
2225,0.0134034
2226,0
2227,0
2228,0
2229,0
2230,0
2231,0
2232,0
2233,0
2234,0
2235,0
2236,0
2237,0
2238,0.0441372
2239,0.219656
2240,0.434719
2241,0.591119
2242,0.696826
2243,0.76589
2244,0.788238
2245,0.755615
2246,0.6665
2247,0.525145
2248,0.33288
2249,0.110721
2250,0
2251,0
2252,0
2253,0
2254,0
2255,0
2256,0
2257,0
2258,0
2259,0
2260,0
2261,0
2262,0.0412244
2263,0.218582
2264,0.431384
2265,0.601501
2266,0.71848
2267,0.787223
2268,0.807368
2269,0.777095
2270,0.59682
2271,0.413149
2272,0.341061
2273,0.11129
2274,0
2275,0
2276,0
2277,0
2278,0
2279,0
2280,0
2281,0
2282,0
2283,0
2284,0
2285,0
2286,0.00242977
2287,0.174638
2288,0.249761
2289,0.459669
2290,0.52596
2291,0.588911
2292,0.439816
2293,0.651286
2294,0.679877
2295,0.525084
2296,0.319669
2297,0.0988309
2298,0
2299,0
2300,0
2301,0
2302,0
2303,0
2304,0
2305,0
2306,0
2307,0
2308,0
2309,0
2310,0.0119207
2311,0.149484
2312,0.224756
2313,0.3678
2314,0.584442
2315,0.686888
2316,0.605674
2317,0.617581
2318,0.374443
2319,0.231041
2320,0.075366
2321,0.0409197
2322,0
2323,0
2324,0
2325,0
2326,0
2327,0
2328,0
2329,0
2330,0
2331,0
2332,0
2333,0
2334,0.0501539
2335,0.238008
2336,0.470159
2337,0.472318
2338,0.800544
2339,0.87955
2340,0.745468
2341,0.705262
2342,0.571598
2343,0.444206
2344,0.369889
2345,0.0390761
2346,0
2347,0
2348,0
2349,0
2350,0
2351,0
2352,0
2353,0
2354,0
2355,0
2356,0
2357,0
2358,0.05575
2359,0.239186
2360,0.466383
2361,0.646562
2362,0.580428
2363,0.680258
2364,0.856319
2365,0.819413
2366,0.715523
2367,0.558631
2368,0.0279512
2369,0.117094
2370,0
2371,0
2372,0
2373,0
2374,0
2375,0
2376,0
2377,0
2378,0
2379,0
2380,0
2381,0
2382,0.0560285
2383,0.237372
2384,0.451252
2385,0.625431
2386,0.746331
2387,0.815259
2388,0.82631
2389,0.792037
2390,0.691354
2391,0.542284
2392,0.341418
2393,0.115923
2394,0
2395,0
2396,0
2397,0
2398,0
2399,0
2400,0
2401,0
2402,0
2403,0
2404,0
2405,0
2406,0.0361884
2407,0.21615
2408,0.358021
2409,0.533196
2410,0.742647
2411,0.800689
2412,0.803494
2413,0.764302
2414,0.670025
2415,0.521281
2416,0.329686
2417,0.112567
2418,0
2419,0
2420,0
2421,0
2422,0
2423,0
2424,0
2425,0
2426,0
2427,0
2428,0
2429,0
2430,0.0575124
2431,0.234172
2432,0.436935
2433,0.605748
2434,0.73649
2435,0.80588
2436,0.821717
2437,0.783959
2438,0.68557
2439,0.533175
2440,0.326057
2441,0.106391
2442,0
2443,0
2444,0
2445,0
2446,0
2447,0
2448,0
2449,0
2450,0
2451,0
2452,0
2453,0
2454,0.0448094
2455,0.0927949
2456,0.364696
2457,0.421009
2458,0.744725
2459,0.812671
2460,0.707024
2461,0.786064
2462,0.689677
2463,0.482018
2464,0.308907
2465,0.0927752
2466,0
2467,0
2468,0
2469,0
2470,0
2471,0
2472,0
2473,0
2474,0
2475,0
2476,0
2477,0
2478,0.0691245
2479,0.24379
2480,0.445778
2481,0.608223
2482,0.729466
2483,0.795212
2484,0.806632
2485,0.761706
2486,0.670866
2487,0.519704
2488,0.335134
2489,0.117717
2490,0
2491,0
2492,0
2493,0
2494,0
2495,0
2496,0
2497,0
2498,0
2499,0
2500,0
2501,0
2502,0.0596885
2503,0.238173
2504,0.439614
2505,0.593082
2506,0.691333
2507,0.734103
2508,0.739801
2509,0.716992
2510,0.638709
2511,0.506404
2512,0.331206
2513,0.120519
2514,0
2515,0
2516,0
2517,0
2518,0
2519,0
2520,0
2521,0
2522,0
2523,0
2524,0
2525,0
2526,0.0538638
2527,0.235745
2528,0.432742
2529,0.574836
2530,0.67655
2531,0.744961
2532,0.767333
2533,0.742418
2534,0.6589
2535,0.51978
2536,0.335903
2537,0.119823
2538,0
2539,0
2540,0
2541,0
2542,0
2543,0
2544,0
2545,0
2546,0
2547,0
2548,0
2549,0
2550,0.057827
2551,0.236508
2552,0.438574
2553,0.59978
2554,0.715096
2555,0.778441
2556,0.792918
2557,0.759126
2558,0.66877
2559,0.45322
2560,0.265723
2561,0.0821935
2562,0
2563,0
2564,0
2565,0
2566,0
2567,0
2568,0
2569,0
2570,0
2571,0
2572,0
2573,0
2574,0.0142032
2575,0.0493528
2576,0.0894926
2577,0.333264
2578,0.0944011
2579,0.0934667
2580,0.0803705
2581,0.0827639
2582,0.204213
2583,0.0708386
2584,0.0280679
2585,0.00478628
2586,0
2587,0
2588,0
2589,0
2590,0
2591,0
2592,0
2593,0
2594,0
2595,0
2596,0
2597,0
2598,0.0679688
2599,0.204916
2600,0.328347
2601,0.481482
2602,0.520665
2603,0.603555
2604,0.668285
2605,0.447116
2606,0.407058
2607,0.182128
2608,0.33447
2609,0.116013
2610,0
2611,0
2612,0
2613,0
2614,0
2615,0
2616,0
2617,0
2618,0
2619,0
2620,0
2621,0
2622,0.0100796
2623,0.0529888
2624,0.120414
2625,0.104537
2626,0.132549
2627,0.137403
2628,0.607067
2629,0.232372
2630,0.220354
2631,0.290654
2632,0.330722
2633,0.0379312
2634,0
2635,0
2636,0
2637,0
2638,0
2639,0
2640,0
2641,0
2642,0
2643,0
2644,0
2645,0
2646,0.0365155
2647,0.0759506
2648,0.152117
2649,0.351674
2650,0.330763
2651,0.448616
2652,0.646791
2653,0.786458
2654,0.694085
2655,0.545958
2656,0.351244
2657,0.12884
2658,0
2659,0
2660,0
2661,0
2662,0
2663,0
2664,0
2665,0
2666,0
2667,0
2668,0
2669,0
2670,0.0744161
2671,0.253313
2672,0.270199
2673,0.418042
2674,0.554427
2675,0.313641
2676,0.28064
2677,0.549764
2678,0.442206
2679,0.232615
2680,0.326654
2681,0.0635548
2682,0
2683,0
2684,0
2685,0
2686,0
2687,0
2688,0
2689,0
2690,0
2691,0
2692,0
2693,0
2694,0.0515778
2695,0.0854345
2696,0.165064
2697,0.226949
2698,0.57266
2699,0.394471
2700,0.637203
2701,0.7724
2702,0.676026
2703,0.526389
2704,0.333797
2705,0.11973
2706,0
2707,0
2708,0
2709,0
2710,0
2711,0
2712,0
2713,0
2714,0
2715,0
2716,0
2717,0
2718,0.0516379
2719,0.143785
2720,0.205714
2721,0.389347
2722,0.322956
2723,0.5336
2724,0.691122
2725,0.568838
2726,0.516825
2727,0.248651
2728,0.104784
2729,0.0873076
2730,0
2731,0
2732,0
2733,0
2734,0
2735,0
2736,0
2737,0
2738,0
2739,0
2740,0
2741,0
2742,0.0697045
2743,0.256983
2744,0.385732
2745,0.614079
2746,0.730834
2747,0.790357
2748,0.797578
2749,0.763064
2750,0.670058
2751,0.524029
2752,0.337957
2753,0.126332
2754,0
2755,0
2756,0
2757,0
2758,0
2759,0
2760,0
2761,0
2762,0
2763,0
2764,0
2765,0
2766,0.0809887
2767,0.270723
2768,0.483039
2769,0.649301
2770,0.76582
2771,0.830323
2772,0.839051
2773,0.797644
2774,0.699867
2775,0.549524
2776,0.359856
2777,0.139717
2778,0
2779,0
2780,0
2781,0
2782,0
2783,0
2784,0
2785,0
2786,0
2787,0
2788,0
2789,0
2790,0.0649358
2791,0.259031
2792,0.459844
2793,0.617799
2794,0.722684
2795,0.777555
2796,0.786281
2797,0.747937
2798,0.6636
2799,0.525261
2800,0.341908
2801,0.132628
2802,0
2803,0
2804,0
2805,0
2806,0
2807,0
2808,0
2809,0
2810,0
2811,0
2812,0
2813,0
2814,0.0673508
2815,0.258082
2816,0.45324
2817,0.60593
2818,0.712533
2819,0.777801
2820,0.795134
2821,0.75762
2822,0.668973
2823,0.525324
2824,0.339154
2825,0.130088
2826,0
2827,0
2828,0
2829,0
2830,0
2831,0
2832,0
2833,0
2834,0
2835,0
2836,0
2837,0
2838,0.0830458
2839,0.191541
2840,0.48832
2841,0.657702
2842,0.777755
2843,0.840438
2844,0.845457
2845,0.798013
2846,0.702492
2847,0.553093
2848,0.353083
2849,0.134442
2850,0
2851,0
2852,0
2853,0
2854,0
2855,0
2856,0
2857,0
2858,0
2859,0
2860,0
2861,0
2862,0.0856936
2863,0.275254
2864,0.482241
2865,0.647928
2866,0.770905
2867,0.845329
2868,0.860231
2869,0.814907
2870,0.717695
2871,0.567248
2872,0.248496
2873,0.115035
2874,0
2875,0
2876,0
2877,0
2878,0
2879,0
2880,0
2881,0
2882,0
2883,0
2884,0
2885,0
2886,0.0850948
2887,0.236184
2888,0.461217
2889,0.616079
2890,0.578765
2891,0.451031
2892,0.805447
2893,0.761467
2894,0.671431
2895,0.523167
2896,0.330821
2897,0.0389805
2898,0
2899,0
2900,0
2901,0
2902,0
2903,0
2904,0
2905,0
2906,0
2907,0
2908,0
2909,0
2910,0.088493
2911,0.184705
2912,0.21379
2913,0.338791
2914,0.72827
2915,0.78038
2916,0.529699
2917,0.41523
2918,0.217972
2919,0.158423
2920,0.125716
2921,0.126991
2922,0
2923,0
2924,0
2925,0
2926,0
2927,0
2928,0
2929,0
2930,0
2931,0
2932,0
2933,0
2934,0.086714
2935,0.268097
2936,0.454502
2937,0.603532
2938,0.712029
2939,0.770519
2940,0.782497
2941,0.752806
2942,0.66391
2943,0.518002
2944,0.328052
2945,0.126695
2946,0
2947,0
2948,0
2949,0
2950,0
2951,0
2952,0
2953,0
2954,0
2955,0
2956,0
2957,0
2958,0.0713048
2959,0.186192
2960,0.293975
2961,0.439963
2962,0.575944
2963,0.619865
2964,0.574168
2965,0.657493
2966,0.59829
2967,0.440247
2968,0.282143
2969,0.0786143
2970,0
2971,0
2972,0
2973,0
2974,0
2975,0
2976,0
2977,0
2978,0
2979,0
2980,0
2981,0
2982,0.00324359
2983,0.0646775
2984,0.113409
2985,0.166122
2986,0.205856
2987,0.0562332
2988,0.102782
2989,0.215981
2990,0.0231308
2991,0.0733328
2992,0.0409718
2993,0
2994,0
2995,0
2996,0
2997,0
2998,0
2999,0
3000,0
3001,0
3002,0
3003,0
3004,0
3005,0
3006,0.0812505
3007,0.274611
3008,0.373257
3009,0.136071
3010,0.331182
3011,0.156902
3012,0.162309
3013,0.303666
3014,0.425392
3015,0.163289
3016,0.069814
3017,0.0445331
3018,0
3019,0
3020,0
3021,0
3022,0
3023,0
3024,0
3025,0
3026,0
3027,0
3028,0
3029,0
3030,0.0930347
3031,0.246776
3032,0.320809
3033,0.235737
3034,0.361963
3035,0.267232
3036,0.307728
3037,0.0942178
3038,0.119996
3039,0.383329
3040,0.171109
3041,0.0584691
3042,0
3043,0
3044,0
3045,0
3046,0
3047,0
3048,0
3049,0
3050,0
3051,0
3052,0
3053,0
3054,0.0925555
3055,0.269259
3056,0.456668
3057,0.437992
3058,0.308881
3059,0.50736
3060,0.408352
3061,0.569171
3062,0.343299
3063,0.521619
3064,0.332774
3065,0.132979
3066,0.00253762
3067,0
3068,0
3069,0
3070,0
3071,0
3072,0
3073,0
3074,0
3075,0
3076,0
3077,0
3078,0.0560694
3079,0.0835482
3080,0.124353
3081,0.0914352
3082,0.203443
3083,0.257884
3084,0.425269
3085,0.368818
3086,0.0835123
3087,0.247231
3088,0.363168
3089,0.147048
3090,0.00365212
3091,0
3092,0
3093,0
3094,0
3095,0
3096,0
3097,0
3098,0
3099,0
3100,0
3101,0.0248105
3102,0.0875383
3103,0.287105
3104,0.492158
3105,0.656375
3106,0.773132
3107,0.834213
3108,0.841793
3109,0.800484
3110,0.708846
3111,0.563239
3112,0.367916
3113,0.148875
3114,0.00438345
3115,0
3116,0
3117,0
3118,0
3119,0
3120,0
3121,0
3122,0
3123,0
3124,0
3125,0.0275038
3126,0.0904451
3127,0.278509
3128,0.47047
3129,0.622985
3130,0.728314
3131,0.782397
3132,0.793421
3133,0.759461
3134,0.671062
3135,0.533122
3136,0.345564
3137,0.140116
3138,0.00511377
3139,0
3140,0
3141,0
3142,0
3143,0
3144,0
3145,0
3146,0
3147,0
3148,0
3149,0.0278775
3150,0.0933775
3151,0.272284
3152,0.457347
3153,0.609914
3154,0.720957
3155,0.777517
3156,0.787679
3157,0.751331
3158,0.664407
3159,0.527452
3160,0.342948
3161,0.141881
3162,0.00493167
3163,0
3164,0
3165,0
3166,0
3167,0
3168,0
3169,0
3170,0
3171,0
3172,0
3173,0.0265588
3174,0.08829
3175,0.250284
3176,0.439688
3177,0.525764
3178,0.632226
3179,0.733325
3180,0.677723
3181,0.716447
3182,0.545201
3183,0.454168
3184,0.292805
3185,0.128873
3186,0.00709963
3187,0
3188,0
3189,0
3190,0
3191,0
3192,0
3193,0
3194,0
3195,0
3196,0
3197,0.0298222
3198,0.0928104
3199,0.267492
3200,0.442686
3201,0.58028
3202,0.682012
3203,0.734301
3204,0.743042
3205,0.717923
3206,0.637451
3207,0.500239
3208,0.324605
3209,0.135841
3210,0.00654322
3211,0
3212,0
3213,0
3214,0
3215,0
3216,0
3217,0
3218,0
3219,0
3220,0
3221,0.029829
3222,0.0915578
3223,0.265467
3224,0.44197
3225,0.584176
3226,0.692959
3227,0.746718
3228,0.75755
3229,0.72511
3230,0.6437
3231,0.513626
3232,0.337457
3233,0.14031
3234,0.0051697
3235,0
3236,0
3237,0
3238,0
3239,0
3240,0
3241,0
3242,0
3243,0
3244,0
3245,0.0301428
3246,0.0232377
3247,0.101667
3248,0.129898
3249,0.216897
3250,0.211018
3251,0.324809
3252,0.40271
3253,0.0895059
3254,0.11276
3255,0.0335738
3256,0.109662
3257,0.0188911
3258,0.00646607
3259,0
3260,0
3261,0
3262,0
3263,0
3264,0
3265,0
3266,0
3267,0
3268,0
3269,0.031321
3270,0.0989938
3271,0.234748
3272,0.422678
3273,0.562477
3274,0.575325
3275,0.585836
3276,0.595136
3277,0.530605
3278,0.499133
3279,0.293685
3280,0.30512
3281,0.103843
3282,0.00651339
3283,0
3284,0
3285,0
3286,0
3287,0
3288,0
3289,0
3290,0
3291,0
3292,0
3293,0.0303491
3294,0.0937233
3295,0.266752
3296,0.456193
3297,0.599052
3298,0.701672
3299,0.761877
3300,0.771524
3301,0.740425
3302,0.657996
3303,0.525703
3304,0.348422
3305,0.146941
3306,0.00786375
3307,0
3308,0
3309,0
3310,0
3311,0
3312,0
3313,0
3314,0
3315,0
3316,0
3317,0.0274594
3318,0.0882342
3319,0.271844
3320,0.453205
3321,0.592981
3322,0.692343
3323,0.74587
3324,0.754104
3325,0.72191
3326,0.644554
3327,0.517508
3328,0.343786
3329,0.147841
3330,0.00784715
3331,0
3332,0
3333,0
3334,0
3335,0
3336,0
3337,0
3338,0
3339,0
3340,0
3341,0.0246599
3342,0.0830761
3343,0.264705
3344,0.441916
3345,0.584724
3346,0.68574
3347,0.740838
3348,0.753704
3349,0.721242
3350,0.64165
3351,0.515931
3352,0.343531
3353,0.148241
3354,0.00848517
3355,0
3356,0
3357,0
3358,0
3359,0
3360,0
3361,0
3362,0
3363,0
3364,0
3365,0.025606
3366,0.0857544
3367,0.274388
3368,0.457257
3369,0.601691
3370,0.705319
3371,0.760151
3372,0.776185
3373,0.740519
3374,0.655582
3375,0.526008
3376,0.350161
3377,0.153672
3378,0.00958833
3379,0
3380,0
3381,0
3382,0
3383,0
3384,0
3385,0
3386,0
3387,0
3388,0
3389,0.0254279
3390,0.0855998
3391,0.270958
3392,0.451913
3393,0.592596
3394,0.694277
3395,0.752009
3396,0.761743
3397,0.73004
3398,0.6459
3399,0.51739
3400,0.34456
3401,0.150076
3402,0.00958415
3403,0
3404,0
3405,0
3406,0
3407,0
3408,0
3409,0
3410,0
3411,0
3412,0
3413,0.0264182
3414,0.101915
3415,0.272824
3416,0.458182
3417,0.602899
3418,0.702372
3419,0.757846
3420,0.76328
3421,0.727552
3422,0.64709
3423,0.518339
3424,0.342176
3425,0.148588
3426,0.0107921
3427,0
3428,0
3429,0
3430,0
3431,0
3432,0
3433,0
3434,0
3435,0
3436,0
3437,0.0333913
3438,0.0647033
3439,0.167165
3440,0.399705
3441,0.608987
3442,0.708769
3443,0.761476
3444,0.771169
3445,0.737348
3446,0.655376
3447,0.52524
3448,0.347889
3449,0.151478
3450,0.011793
3451,0
3452,0
3453,0
3454,0
3455,0
3456,0
3457,0
3458,0
3459,0
3460,0
3461,0.0350966
3462,0.10402
3463,0.246637
3464,0.461163
3465,0.604553
3466,0.702176
3467,0.757527
3468,0.76806
3469,0.738825
3470,0.657948
3471,0.529377
3472,0.354228
3473,0.15598
3474,0.0123421
3475,0
3476,0
3477,0
3478,0
3479,0
3480,0
3481,0
3482,0
3483,0
3484,0
3485,0.0383519
3486,0.104249
3487,0.280502
3488,0.458993
3489,0.603756
3490,0.704053
3491,0.765761
3492,0.777959
3493,0.749399
3494,0.6635
3495,0.533576
3496,0.356304
3497,0.158243
3498,0.0126304
3499,0
3500,0
3501,0
3502,0
3503,0
3504,0
3505,0
3506,0
3507,0
3508,0
3509,0.0327413
3510,0.0979312
3511,0.275536
3512,0.455535
3513,0.598172
3514,0.695609
3515,0.745061
3516,0.752241
3517,0.723735
3518,0.642839
3519,0.514232
3520,0.341518
3521,0.150264
3522,0.0145161
3523,0
3524,0
3525,0
3526,0
3527,0
3528,0
3529,0
3530,0
3531,0
3532,0
3533,0.00489253
3534,0.0452159
3535,0.135061
3536,0.369855
3537,0.444688
3538,0.486807
3539,0.615877
3540,0.731254
3541,0.701978
3542,0.623918
3543,0.499015
3544,0.331995
3545,0.122351
3546,0.0160998
3547,0
3548,0
3549,0
3550,0
3551,0
3552,0
3553,0
3554,0
3555,0
3556,0
3557,0.0176436
3558,0.0207189
3559,0.0535582
3560,0.0664119
3561,0.0929559
3562,0.109471
3563,0.127731
3564,0.515025
3565,0.610098
3566,0.548544
3567,0.270431
3568,0.161978
3569,0.0878352
3570,0.0155883
3571,0
3572,0
3573,0
3574,0
3575,0
3576,0
3577,0
3578,0
3579,0
3580,0
3581,0.0208366
3582,0.0881526
3583,0.155827
3584,0.267594
3585,0.36624
3586,0.722172
3587,0.77447
3588,0.783672
3589,0.754496
3590,0.664515
3591,0.530577
3592,0.35275
3593,0.157129
3594,0.0160237
3595,0
3596,0
3597,0
3598,0
3599,0
3600,0
3601,0
3602,0
3603,0
3604,0
3605,0.0087614
3606,0.087599
3607,0.139304
3608,0.35351
3609,0.594312
3610,0.695479
3611,0.748353
3612,0.759847
3613,0.729595
3614,0.648098
3615,0.521677
3616,0.350721
3617,0.158949
3618,0.0151248
3619,0
3620,0
3621,0
3622,0
3623,0
3624,0
3625,0
3626,0
3627,0
3628,0
3629,0.0285164
3630,0.0885352
3631,0.272341
3632,0.451023
3633,0.589528
3634,0.680548
3635,0.725293
3636,0.727244
3637,0.703357
3638,0.630544
3639,0.514829
3640,0.351657
3641,0.160052
3642,0.0154304
3643,0
3644,0
3645,0
3646,0
3647,0
3648,0
3649,0
3650,0
3651,0
3652,0
3653,0.0299846
3654,0.0899121
3655,0.273135
3656,0.452952
3657,0.591403
3658,0.605894
3659,0.669698
3660,0.633273
3661,0.624695
3662,0.560796
3663,0.455091
3664,0.343369
3665,0.156832
3666,0.015702
3667,0
3668,0
3669,0
3670,0
3671,0
3672,0
3673,0
3674,0
3675,0
3676,0
3677,0.0283015
3678,0.0843766
3679,0.259641
3680,0.42563
3681,0.547277
3682,0.626891
3683,0.667911
3684,0.678141
3685,0.657842
3686,0.600666
3687,0.493813
3688,0.34004
3689,0.15683
3690,0.0161081
3691,0
3692,0
3693,0
3694,0
3695,0
3696,0
3697,0
3698,0
3699,0
3700,0
3701,0.0282168
3702,0.0852119
3703,0.262877
3704,0.436497
3705,0.574571
3706,0.669694
3707,0.72553
3708,0.739721
3709,0.71294
3710,0.638526
3711,0.515863
3712,0.34406
3713,0.156462
3714,0.0178024
3715,0
3716,0
3717,0
3718,0
3719,0
3720,0
3721,0
3722,0
3723,0
3724,0
3725,0.0258112
3726,0.100412
3727,0.264929
3728,0.348881
3729,0.588174
3730,0.596068
3731,0.693414
3732,0.690044
3733,0.730535
3734,0.652412
3735,0.525471
3736,0.354408
3737,0.161234
3738,0.0177499
3739,0
3740,0
3741,0
3742,0
3743,0
3744,0
3745,0
3746,0
3747,0
3748,0
3749,0.0298989
3750,0.0985854
3751,0.258969
3752,0.151736
3753,0.42374
3754,0.34337
3755,0.295281
3756,0.58396
3757,0.530978
3758,0.30901
3759,0.200878
3760,0.137246
3761,0.132639
3762,0.0109823
3763,0
3764,0
3765,0
3766,0
3767,0
3768,0
3769,0
3770,0
3771,0
3772,0
3773,0.0159092
3774,0.0411536
3775,0.212155
3776,0.433421
3777,0.568446
3778,0.533282
3779,0.427385
3780,0.58897
3781,0.5938
3782,0.51076
3783,0.258431
3784,0.11799
3785,0.0480445
3786,0
3787,0
3788,0
3789,0
3790,0
3791,0
3792,0
3793,0
3794,0
3795,0
3796,0
3797,0
3798,0.0498623
3799,0.0736032
3800,0.129237
3801,0.154895
3802,0.225253
3803,0.298007
3804,0.397452
3805,0.7116
3806,0.628032
3807,0.507202
3808,0.345666
3809,0.159172
3810,0.0211596
3811,0
3812,0
3813,0
3814,0
3815,0
3816,0
3817,0
3818,0
3819,0
3820,0
3821,0.0330613
3822,0.014657
3823,0.0464721
3824,0.109364
3825,0.135034
3826,0.127524
3827,0.185943
3828,0.295379
3829,0.752843
3830,0.668081
3831,0.541776
3832,0.366131
3833,0.169251
3834,0.0225
3835,0
3836,0
3837,0
3838,0
3839,0
3840,0
3841,0
3842,0
3843,0
3844,0
3845,0.0327832
3846,0.0617205
3847,0.159116
3848,0.159081
3849,0.190919
3850,0.386783
3851,0.585325
3852,0.77125
3853,0.74019
3854,0.659845
3855,0.533479
3856,0.362984
3857,0.168964
3858,0.0229546
3859,0
3860,0
3861,0
3862,0
3863,0
3864,0
3865,0
3866,0
3867,0
3868,0
3869,0
3870,0.016586
3871,0.0428388
3872,0.0571057
3873,0.0892393
3874,0.160972
3875,0.25664
3876,0.288309
3877,0.758029
3878,0.671451
3879,0.544134
3880,0.369298
3881,0.17186
3882,0.0234216
3883,0
3884,0
3885,0
3886,0
3887,0
3888,0
3889,0
3890,0
3891,0
3892,0
3893,0
3894,0.0249317
3895,0.0959177
3896,0.125405
3897,0.126194
3898,0.363316
3899,0.780633
3900,0.79259
3901,0.761039
3902,0.682021
3903,0.552997
3904,0.377639
3905,0.1763
3906,0.0220402
3907,0
3908,0
3909,0
3910,0
3911,0
3912,0
3913,0
3914,0
3915,0
3916,0
3917,0.0279105
3918,0.0911499
3919,0.268442
3920,0.449219
3921,0.598229
3922,0.707275
3923,0.772639
3924,0.787637
3925,0.760591
3926,0.680939
3927,0.553829
3928,0.380747
3929,0.179441
3930,0.0214696
3931,0
3932,0
3933,0
3934,0
3935,0
3936,0
3937,0
3938,0
3939,0
3940,0
3941,0.0269638
3942,0.0895456
3943,0.269652
3944,0.45345
3945,0.598499
3946,0.699746
3947,0.75469
3948,0.763254
3949,0.733024
3950,0.653214
3951,0.530142
3952,0.363578
3953,0.172095
3954,0.0209598
3955,0
3956,0
3957,0
3958,0
3959,0
3960,0
3961,0
3962,0
3963,0
3964,0
3965,0.027467
3966,0.081049
3967,0.264325
3968,0.450277
3969,0.602696
3970,0.711939
3971,0.772382
3972,0.78319
3973,0.752426
3974,0.673188
3975,0.541465
3976,0.369498
3977,0.174328
3978,0.0219125
3979,0
3980,0
3981,0
3982,0
3983,0
3984,0
3985,0
3986,0
3987,0
3988,0
3989,0.0277264
3990,0.0807786
3991,0.259639
3992,0.437264
3993,0.575779
3994,0.675159
3995,0.730063
3996,0.742761
3997,0.716263
3998,0.639218
3999,0.519591
4000,0.357372
4001,0.169732
4002,0.0223675
4003,0
4004,0
4005,0
4006,0
4007,0
4008,0
4009,0
4010,0
4011,0
4012,0
4013,0.0284547
4014,0.0905143
4015,0.258863
4016,0.434463
4017,0.576705
4018,0.680369
4019,0.734657
4020,0.747848
4021,0.719599
4022,0.645356
4023,0.522268
4024,0.358747
4025,0.170403
4026,0.0221934
4027,0
4028,0
4029,0
4030,0
4031,0
4032,0
4033,0
4034,0
4035,0
4036,0
4037,0.0302199
4038,0.0845174
4039,0.24776
4040,0.439802
4041,0.578606
4042,0.677291
4043,0.731581
4044,0.744975
4045,0.72025
4046,0.642365
4047,0.522948
4048,0.359576
4049,0.170822
4050,0.0237744
4051,0
4052,0
4053,0
4054,0
4055,0
4056,0
4057,0
4058,0
4059,0
4060,0
4061,0.0287705
4062,0.0810304
4063,0.245479
4064,0.435295
4065,0.576813
4066,0.677159
4067,0.736798
4068,0.751774
4069,0.722074
4070,0.649872
4071,0.528527
4072,0.364446
4073,0.173462
4074,0.0243097
4075,0
4076,0
4077,0
4078,0
4079,0
4080,0
4081,0
4082,0
4083,0
4084,0
4085,0.0301056
4086,0.0842515
4087,0.263145
4088,0.444155
4089,0.590383
4090,0.690166
4091,0.74723
4092,0.761713
4093,0.737867
4094,0.660095
4095,0.53868
4096,0.373915
4097,0.179847
4098,0.0249628
4099,0
4100,0
4101,0
4102,0
4103,0
4104,0
4105,0
4106,0
4107,0
4108,0
4109,0.0302132
4110,0.0915999
4111,0.265491
4112,0.449716
4113,0.593804
4114,0.693274
4115,0.749496
4116,0.764377
4117,0.734157
4118,0.654929
4119,0.532761
4120,0.370868
4121,0.178283
4122,0.0254766
4123,0
4124,0
4125,0
4126,0
4127,0
4128,0
4129,0
4130,0
4131,0
4132,0
4133,0.0276139
4134,0.0876966
4135,0.263512
4136,0.443327
4137,0.582462
4138,0.680512
4139,0.73359
4140,0.749171
4141,0.720184
4142,0.646848
4143,0.529403
4144,0.369729
4145,0.179823
4146,0.0245223
4147,0
4148,0
4149,0
4150,0
4151,0
4152,0
4153,0
4154,0
4155,0
4156,0
4157,0.0291135
4158,0.101652
4159,0.251688
4160,0.42715
4161,0.564226
4162,0.657576
4163,0.712238
4164,0.726213
4165,0.701122
4166,0.629786
4167,0.512883
4168,0.354107
4169,0.0320173
4170,0.00364117
4171,0
4172,0
4173,0
4174,0
4175,0
4176,0
4177,0
4178,0
4179,0
4180,0
4181,0.027386
4182,0.0918826
4183,0.198202
4184,0.406718
4185,0.539087
4186,0.543526
4187,0.589983
4188,0.677013
4189,0.451789
4190,0.502592
4191,0.377763
4192,0.264183
4193,0.163187
4194,0.026803
4195,0
4196,0
4197,0
4198,0
4199,0
4200,0
4201,0
4202,0
4203,0
4204,0
4205,0.0242277
4206,0.0899605
4207,0.17884
4208,0.253446
4209,0.280147
4210,0.43681
4211,0.577929
4212,0.438104
4213,0.634902
4214,0.39784
4215,0.283376
4216,0.304293
4217,0.152912
4218,0.0255467
4219,0
4220,0
4221,0
4222,0
4223,0
4224,0
4225,0
4226,0
4227,0
4228,0
4229,0.0219177
4230,0.0766874
4231,0.245285
4232,0.357642
4233,0.40822
4234,0.354222
4235,0.497963
4236,0.485024
4237,0.514958
4238,0.493129
4239,0.457305
4240,0.313314
4241,0.0894079
4242,0.0257966
4243,0
4244,0
4245,0
4246,0
4247,0
4248,0
4249,0
4250,0
4251,0
4252,0
4253,0.0125151
4254,0.0984226
4255,0.231341
4256,0.342877
4257,0.237611
4258,0.356391
4259,0.605061
4260,0.212448
4261,0.260941
4262,0.136968
4263,0.302453
4264,0.322223
4265,0.143439
4266,0.0258543
4267,0
4268,0
4269,0
4270,0
4271,0
4272,0
4273,0
4274,0
4275,0
4276,0
4277,0.0283065
4278,0.0753018
4279,0.240641
4280,0.413146
4281,0.545538
4282,0.63371
4283,0.685212
4284,0.693985
4285,0.664099
4286,0.598344
4287,0.492871
4288,0.350012
4289,0.173966
4290,0.024813
4291,0
4292,0
4293,0
4294,0
4295,0
4296,0
4297,0
4298,0
4299,0
4300,0
4301,0.0319382
4302,0.0936192
4303,0.229965
4304,0.391835
4305,0.543119
4306,0.630725
4307,0.666173
4308,0.677538
4309,0.600626
4310,0.610537
4311,0.503063
4312,0.351775
4313,0.172968
4314,0.0244254
4315,0
4316,0
4317,0
4318,0
4319,0
4320,0
4321,0
4322,0
4323,0
4324,0
4325,0.028038
4326,0.0772198
4327,0.23779
4328,0.406597
4329,0.543517
4330,0.643074
4331,0.701775
4332,0.717784
4333,0.69748
4334,0.625256
4335,0.511355
4336,0.381662
4337,0.186556
4338,0.0260711
4339,0
4340,0
4341,0
4342,0
4343,0
4344,0
4345,0
4346,0
4347,0
4348,0
4349,0.024801
4350,0.0929481
4351,0.252173
4352,0.437004
4353,0.58564
4354,0.693646
4355,0.75237
4356,0.763555
4357,0.732063
4358,0.655829
4359,0.534903
4360,0.371045
4361,0.181137
4362,0.0257662
4363,0
4364,0
4365,0
4366,0
4367,0
4368,0
4369,0
4370,0
4371,0
4372,0
4373,0.0245887
4374,0.0613697
4375,0.237336
4376,0.433189
4377,0.577789
4378,0.686448
4379,0.748112
4380,0.769697
4381,0.743991
4382,0.671367
4383,0.549042
4384,0.383103
4385,0.188145
4386,0.0265024
4387,0
4388,0
4389,0
4390,0
4391,0
4392,0
4393,0
4394,0
4395,0
4396,0
4397,0.0263815
4398,0.0587386
4399,0.112112
4400,0.191897
4401,0.517223
4402,0.696045
4403,0.756834
4404,0.775124
4405,0.749054
4406,0.669516
4407,0.546463
4408,0.379067
4409,0.185176
4410,0.0276298
4411,0
4412,0
4413,0
4414,0
4415,0
4416,0
4417,0
4418,0
4419,0
4420,0
4421,0.0291245
4422,0.0439358
4423,0.0990649
4424,0.210359
4425,0.48353
4426,0.570927
4427,0.741344
4428,0.75363
4429,0.727693
4430,0.656048
4431,0.537318
4432,0.374919
4433,0.184298
4434,0.0266487
4435,0
4436,0
4437,0
4438,0
4439,0
4440,0
4441,0
4442,0
4443,0
4444,0
4445,0.0283017
4446,0.0560041
4447,0.0966452
4448,0.213463
4449,0.4548
4450,0.688356
4451,0.746231
4452,0.764244
4453,0.739172
4454,0.662535
4455,0.542329
4456,0.378312
4457,0.18473
4458,0.0267055
4459,0
4460,0
4461,0
4462,0
4463,0
4464,0
4465,0
4466,0
4467,0
4468,0
4469,0.0265736
4470,0.0629845
4471,0.14471
4472,0.356585
4473,0.583979
4474,0.691559
4475,0.751761
4476,0.767528
4477,0.741138
4478,0.667558
4479,0.548816
4480,0.385933
4481,0.19033
4482,0.0272139
4483,0
4484,0
4485,0
4486,0
4487,0
4488,0
4489,0
4490,0
4491,0
4492,0
4493,0.0228836
4494,0.069529
4495,0.248132
4496,0.430916
4497,0.571053
4498,0.66824
4499,0.720755
4500,0.738067
4501,0.720582
4502,0.664189
4503,0.559122
4504,0.397539
4505,0.199887
4506,0.0279383
4507,0
4508,0
4509,0
4510,0
4511,0
4512,0
4513,0
4514,0
4515,0
4516,0
4517,0.0201742
4518,0.0666138
4519,0.249788
4520,0.439058
4521,0.587167
4522,0.684332
4523,0.731959
4524,0.734857
4525,0.694454
4526,0.626562
4527,0.523191
4528,0.371135
4529,0.184217
4530,0.0254993
4531,0
4532,0
4533,0
4534,0
4535,0
4536,0
4537,0
4538,0
4539,0
4540,0
4541,0.0224495
4542,0.0667891
4543,0.236563
4544,0.41105
4545,0.551591
4546,0.649781
4547,0.703536
4548,0.719664
4549,0.690721
4550,0.619847
4551,0.505077
4552,0.355242
4553,0.178251
4554,0.0246034
4555,0
4556,0
4557,0
4558,0
4559,0
4560,0
4561,0
4562,0
4563,0
4564,0
4565,0.0221813
4566,0.0673289
4567,0.221694
4568,0.347956
4569,0.468927
4570,0.546481
4571,0.629785
4572,0.703966
4573,0.611282
4574,0.618585
4575,0.508274
4576,0.355317
4577,0.172513
4578,0.025131
4579,0
4580,0
4581,0
4582,0
4583,0
4584,0
4585,0
4586,0
4587,0
4588,0
4589,0.02797
4590,0.081788
4591,0.218485
4592,0.404067
4593,0.543967
4594,0.640004
4595,0.700719
4596,0.718761
4597,0.697607
4598,0.623397
4599,0.505017
4600,0.344505
4601,0.167829
4602,0.0233059
4603,0
4604,0
4605,0
4606,0
4607,0
4608,0
4609,0
4610,0
4611,0
4612,0
4613,0.018029
4614,0.0237543
4615,0.196603
4616,0.31901
4617,0.317422
4618,0.224404
4619,0.272132
4620,0.441735
4621,0.274795
4622,0.0939912
4623,0.0495743
4624,0.0421399
4625,0
4626,0.00825623
4627,0
4628,0
4629,0
4630,0
4631,0
4632,0
4633,0
4634,0
4635,0
4636,0
4637,0
4638,0.0247499
4639,0.0634025
4640,0.14203
4641,0.0859703
4642,0.297637
4643,0.378194
4644,0.372427
4645,0.31456
4646,0.238914
4647,0.36982
4648,0.339799
4649,0.128245
4650,0.0212772
4651,0
4652,0
4653,0
4654,0
4655,0
4656,0
4657,0
4658,0
4659,0
4660,0
4661,0.0232086
4662,0.0704092
4663,0.231846
4664,0.409071
4665,0.5546
4666,0.66234
4667,0.725618
4668,0.74736
4669,0.722423
4670,0.653303
4671,0.53802
4672,0.37507
4673,0.185061
4674,0.0249522
4675,0
4676,0
4677,0
4678,0
4679,0
4680,0
4681,0
4682,0
4683,0
4684,0
4685,0.0203765
4686,0.0831212
4687,0.228574
4688,0.428873
4689,0.579615
4690,0.684947
4691,0.747677
4692,0.767942
4693,0.737978
4694,0.661653
4695,0.537398
4696,0.374882
4697,0.185154
4698,0.0253364
4699,0
4700,0
4701,0
4702,0
4703,0
4704,0
4705,0
4706,0
4707,0
4708,0
4709,0.0231819
4710,0.0489858
4711,0.125227
4712,0.306884
4713,0.583153
4714,0.695501
4715,0.757287
4716,0.772704
4717,0.742509
4718,0.658523
4719,0.541691
4720,0.385478
4721,0.190651
4722,0.0246673
4723,0
4724,0
4725,0
4726,0
4727,0
4728,0
4729,0
4730,0
4731,0
4732,0
4733,0.0267091
4734,0.0454316
4735,0.152115
4736,0.356646
4737,0.583402
4738,0.694986
4739,0.758656
4740,0.773766
4741,0.746414
4742,0.674682
4743,0.554488
4744,0.385825
4745,0.18766
4746,0.023701
4747,0
4748,0
4749,0
4750,0
4751,0
4752,0
4753,0
4754,0
4755,0
4756,0
4757,0.0211607
4758,0.0752385
4759,0.230805
4760,0.101838
4761,0.314386
4762,0.194013
4763,0.748587
4764,0.651416
4765,0.571661
4766,0.372346
4767,0.166011
4768,0.0919924
4769,0.0131778
4770,0.0216784
4771,0
4772,0
4773,0
4774,0
4775,0
4776,0
4777,0
4778,0
4779,0
4780,0
4781,0.021371
4782,0.0562981
4783,0.223342
4784,0.398255
4785,0.540383
4786,0.642528
4787,0.702604
4788,0.719272
4789,0.696921
4790,0.632046
4791,0.519451
4792,0.364743
4793,0.17901
4794,0.0222725
4795,0
4796,0
4797,0
4798,0
4799,0
4800,0
4801,0
4802,0
4803,0
4804,0
4805,0
4806,0.0558059
4807,0.228665
4808,0.410964
4809,0.554806
4810,0.651424
4811,0.707402
4812,0.722573
4813,0.702752
4814,0.641385
4815,0.531589
4816,0.372878
4817,0.182057
4818,0.0221669
4819,0
4820,0
4821,0
4822,0
4823,0
4824,0
4825,0
4826,0
4827,0
4828,0
4829,0
4830,0.0581509
4831,0.226033
4832,0.407953
4833,0.554946
4834,0.659509
4835,0.718993
4836,0.732599
4837,0.701002
4838,0.628969
4839,0.511657
4840,0.352351
4841,0.167264
4842,0.0202387
4843,0
4844,0
4845,0
4846,0
4847,0
4848,0
4849,0
4850,0
4851,0
4852,0
4853,0
4854,0.0684487
4855,0.225615
4856,0.404684
4857,0.549073
4858,0.648382
4859,0.704141
4860,0.717192
4861,0.697339
4862,0.625447
4863,0.510365
4864,0.353709
4865,0.167904
4866,0.0201254
4867,0
4868,0
4869,0
4870,0
4871,0
4872,0
4873,0
4874,0
4875,0
4876,0
4877,0
4878,0.067885
4879,0.226763
4880,0.406491
4881,0.554974
4882,0.659072
4883,0.718222
4884,0.735354
4885,0.708496
4886,0.638266
4887,0.52122
4888,0.359942
4889,0.172533
4890,0.0195688
4891,0
4892,0
4893,0
4894,0
4895,0
4896,0
4897,0
4898,0
4899,0
4900,0
4901,0
4902,0.0716104
4903,0.216497
4904,0.424669
4905,0.575632
4906,0.683725
4907,0.742496
4908,0.756761
4909,0.723908
4910,0.646094
4911,0.527501
4912,0.375224
4913,0.185
4914,0.0215975
4915,0
4916,0
4917,0
4918,0
4919,0
4920,0
4921,0
4922,0
4923,0
4924,0
4925,0
4926,0.0333365
4927,0.101149
4928,0.431109
4929,0.582895
4930,0.693821
4931,0.758229
4932,0.776677
4933,0.750393
4934,0.677395
4935,0.555417
4936,0.385341
4937,0.187115
4938,0.0207406
4939,0
4940,0
4941,0
4942,0
4943,0
4944,0
4945,0
4946,0
4947,0
4948,0
4949,0
4950,0.0441511
4951,0.140924
4952,0.437698
4953,0.593549
4954,0.707283
4955,0.772771
4956,0.792256
4957,0.766227
4958,0.690926
4959,0.564676
4960,0.39061
4961,0.187869
4962,0.019923
4963,0
4964,0
4965,0
4966,0
4967,0
4968,0
4969,0
4970,0
4971,0
4972,0
4973,0
4974,0.0396208
4975,0.149296
4976,0.433922
4977,0.586449
4978,0.699691
4979,0.768475
4980,0.794296
4981,0.773163
4982,0.70216
4983,0.57583
4984,0.398583
4985,0.191174
4986,0.0203862
4987,0
4988,0
4989,0
4990,0
4991,0
4992,0
4993,0
4994,0
4995,0
4996,0
4997,0
4998,0.0552678
4999,0.242096
5000,0.439329
5001,0.594878
5002,0.704264
5003,0.763266
5004,0.775977
5005,0.746625
5006,0.671143
5007,0.552083
5008,0.385384
5009,0.185359
5010,0.0185587
5011,0
5012,0
5013,0
5014,0
5015,0
5016,0
5017,0
5018,0
5019,0
5020,0
5021,0
5022,0.0564217
5023,0.241611
5024,0.439281
5025,0.597809
5026,0.706039
5027,0.764814
5028,0.778442
5029,0.747855
5030,0.672903
5031,0.549297
5032,0.379408
5033,0.179841
5034,0.0172375
5035,0
5036,0
5037,0
5038,0
5039,0
5040,0
5041,0
5042,0
5043,0
5044,0
5045,0
5046,0.0658447
5047,0.224955
5048,0.400839
5049,0.544598
5050,0.657739
5051,0.716688
5052,0.730603
5053,0.699767
5054,0.623711
5055,0.507728
5056,0.351746
5057,0.162874
5058,0.0131474
5059,0
5060,0
5061,0
5062,0
5063,0
5064,0
5065,0
5066,0
5067,0
5068,0
5069,0
5070,0.0641523
5071,0.223863
5072,0.407035
5073,0.550645
5074,0.651805
5075,0.709816
5076,0.72916
5077,0.710526
5078,0.63857
5079,0.520191
5080,0.349013
5081,0.16477
5082,0.0142711
5083,0
5084,0
5085,0
5086,0
5087,0
5088,0
5089,0
5090,0
5091,0
5092,0
5093,0
5094,0.059503
5095,0.219221
5096,0.388248
5097,0.526682
5098,0.63114
5099,0.692813
5100,0.707501
5101,0.683099
5102,0.612778
5103,0.498494
5104,0.338658
5105,0.158396
5106,0.0137902
5107,0
5108,0
5109,0
5110,0
5111,0
5112,0
5113,0
5114,0
5115,0
5116,0
5117,0
5118,0.071134
5119,0.19366
5120,0.334802
5121,0.37577
5122,0.529905
5123,0.532151
5124,0.400609
5125,0.497167
5126,0.365153
5127,0.278588
5128,0.165246
5129,0.0580108
5130,0.00354968
5131,0
5132,0
5133,0
5134,0
5135,0
5136,0
5137,0
5138,0
5139,0
5140,0
5141,0
5142,0.0292277
5143,0.013097
5144,0.0871508
5145,0.159845
5146,0.476583
5147,0.685392
5148,0.699843
5149,0.680032
5150,0.270514
5151,0.140683
5152,0.0963055
5153,0.129715
5154,0.00751947
5155,0
5156,0
5157,0
5158,0
5159,0
5160,0
5161,0
5162,0
5163,0
5164,0
5165,0
5166,0.0777532
5167,0.221152
5168,0.39851
5169,0.55
5170,0.65796
5171,0.724966
5172,0.748593
5173,0.72781
5174,0.657128
5175,0.537918
5176,0.370539
5177,0.173212
5178,0.012453
5179,0
5180,0
5181,0
5182,0
5183,0
5184,0
5185,0
5186,0
5187,0
5188,0
5189,0
5190,0.0507512
5191,0.23078
5192,0.425024
5193,0.584432
5194,0.697244
5195,0.762271
5196,0.781324
5197,0.749805
5198,0.673966
5199,0.549802
5200,0.378139
5201,0.175263
5202,0.0120921
5203,0
5204,0
5205,0
5206,0
5207,0
5208,0
5209,0
5210,0
5211,0
5212,0
5213,0
5214,0.0696803
5215,0.231565
5216,0.421687
5217,0.575451
5218,0.686072
5219,0.749196
5220,0.766632
5221,0.736396
5222,0.659716
5223,0.532723
5224,0.359447
5225,0.161031
5226,0.00876203
5227,0
5228,0
5229,0
5230,0
5231,0
5232,0
5233,0
5234,0
5235,0
5236,0
5237,0
5238,0.0528689
5239,0.114595
5240,0.311504
5241,0.55732
5242,0.670401
5243,0.724661
5244,0.738551
5245,0.716838
5246,0.643501
5247,0.521657
5248,0.350775
5249,0.155775
5250,0.00825505
5251,0
5252,0
5253,0
5254,0
5255,0
5256,0
5257,0
5258,0
5259,0
5260,0
5261,0
5262,0.0518438
5263,0.156293
5264,0.414974
5265,0.564947
5266,0.673423
5267,0.731391
5268,0.749663
5269,0.726255
5270,0.649356
5271,0.527086
5272,0.357682
5273,0.158575
5274,0.00824575
5275,0
5276,0
5277,0
5278,0
5279,0
5280,0
5281,0
5282,0
5283,0
5284,0
5285,0
5286,0.0635245
5287,0.227758
5288,0.414058
5289,0.565809
5290,0.674092
5291,0.734631
5292,0.757169
5293,0.736885
5294,0.661792
5295,0.535715
5296,0.362417
5297,0.161797
5298,0.00701555
5299,0
5300,0
5301,0
5302,0
5303,0
5304,0
5305,0
5306,0
5307,0
5308,0
5309,0
5310,0.0556888
5311,0.222052
5312,0.406283
5313,0.546324
5314,0.652568
5315,0.717752
5316,0.735649
5317,0.707951
5318,0.627568
5319,0.504912
5320,0.338716
5321,0.15072
5322,0.00552796
5323,0
5324,0
5325,0
5326,0
5327,0
5328,0
5329,0
5330,0
5331,0
5332,0
5333,0
5334,0.057553
5335,0.21772
5336,0.404301
5337,0.556281
5338,0.660669
5339,0.718898
5340,0.526303
5341,0.498778
5342,0.523995
5343,0.430388
5344,0.338176
5345,0.143184
5346,0.00451598
5347,0
5348,0
5349,0
5350,0
5351,0
5352,0
5353,0
5354,0
5355,0
5356,0
5357,0
5358,0.0558152
5359,0.217739
5360,0.293321
5361,0.552465
5362,0.660605
5363,0.717793
5364,0.735572
5365,0.710667
5366,0.635917
5367,0.510889
5368,0.34439
5369,0.149567
5370,0.00370985
5371,0
5372,0
5373,0
5374,0
5375,0
5376,0
5377,0
5378,0
5379,0
5380,0
5381,0
5382,0.0660048
5383,0.172732
5384,0.413874
5385,0.564508
5386,0.671288
5387,0.732495
5388,0.749515
5389,0.722919
5390,0.647614
5391,0.521432
5392,0.348485
5393,0.14905
5394,0.00345588
5395,0
5396,0
5397,0
5398,0
5399,0
5400,0
5401,0
5402,0
5403,0
5404,0
5405,0
5406,0.0491244
5407,0.221556
5408,0.405762
5409,0.55541
5410,0.661558
5411,0.720209
5412,0.736775
5413,0.707024
5414,0.63332
5415,0.514286
5416,0.349024
5417,0.152947
5418,0.00234332
5419,0
5420,0
5421,0
5422,0
5423,0
5424,0
5425,0
5426,0
5427,0
5428,0
5429,0
5430,0.0452103
5431,0.215655
5432,0.402766
5433,0.548572
5434,0.651593
5435,0.713609
5436,0.730948
5437,0.703636
5438,0.631498
5439,0.51066
5440,0.341395
5441,0.145461
5442,0.00111293
5443,0
5444,0
5445,0
5446,0
5447,0
5448,0
5449,0
5450,0
5451,0
5452,0
5453,0
5454,0.0459108
5455,0.219239
5456,0.407186
5457,0.55875
5458,0.66505
5459,0.724177
5460,0.742017
5461,0.714524
5462,0.641333
5463,0.517334
5464,0.346867
5465,0.146855
5466,0
5467,0
5468,0
5469,0
5470,0
5471,0
5472,0
5473,0
5474,0
5475,0
5476,0
5477,0
5478,0.0465864
5479,0.21873
5480,0.406611
5481,0.553113
5482,0.658746
5483,0.716826
5484,0.736046
5485,0.711576
5486,0.6373
5487,0.512624
5488,0.339434
5489,0.140892
5490,0
5491,0
5492,0
5493,0
5494,0
5495,0
5496,0
5497,0
5498,0
5499,0
5500,0
5501,0
5502,0.047827
5503,0.21839
5504,0.405381
5505,0.553429
5506,0.661879
5507,0.727387
5508,0.749122
5509,0.72708
5510,0.652192
5511,0.527496
5512,0.351707
5513,0.147218
5514,0
5515,0
5516,0
5517,0
5518,0
5519,0
5520,0
5521,0
5522,0
5523,0
5524,0
5525,0
5526,0.0272956
5527,0.0740347
5528,0.118827
5529,0.568618
5530,0.576411
5531,0.435385
5532,0.756633
5533,0.719583
5534,0.638073
5535,0.508901
5536,0.331743
5537,0.132286
5538,0
5539,0
5540,0
5541,0
5542,0
5543,0
5544,0
5545,0
5546,0
5547,0
5548,0
5549,0
5550,0.028236
5551,0.119336
5552,0.410939
5553,0.560739
5554,0.666738
5555,0.727389
5556,0.742841
5557,0.711143
5558,0.631022
5559,0.502522
5560,0.329914
5561,0.129855
5562,0
5563,0
5564,0
5565,0
5566,0
5567,0
5568,0
5569,0
5570,0
5571,0
5572,0
5573,0
5574,0.0519876
5575,0.218075
5576,0.408347
5577,0.562366
5578,0.670055
5579,0.730022
5580,0.740051
5581,0.698312
5582,0.615855
5583,0.487146
5584,0.314897
5585,0.12225
5586,0
5587,0
5588,0
5589,0
5590,0
5591,0
5592,0
5593,0
5594,0
5595,0
5596,0
5597,0
5598,0.0519815
5599,0.215461
5600,0.402208
5601,0.55732
5602,0.671067
5603,0.732432
5604,0.748645
5605,0.716565
5606,0.639838
5607,0.512119
5608,0.335679
5609,0.131999
5610,0
5611,0
5612,0
5613,0
5614,0
5615,0
5616,0
5617,0
5618,0
5619,0
5620,0
5621,0
5622,0.0470315
5623,0.220723
5624,0.414411
5625,0.572366
5626,0.685591
5627,0.747771
5628,0.764829
5629,0.736067
5630,0.654525
5631,0.522555
5632,0.341343
5633,0.13512
5634,0
5635,0
5636,0
5637,0
5638,0
5639,0
5640,0
5641,0
5642,0
5643,0
5644,0
5645,0
5646,0.0460253
5647,0.222202
5648,0.417453
5649,0.57333
5650,0.684621
5651,0.745041
5652,0.760173
5653,0.727711
5654,0.649207
5655,0.515762
5656,0.335827
5657,0.0894591
5658,0
5659,0
5660,0
5661,0
5662,0
5663,0
5664,0
5665,0
5666,0
5667,0
5668,0
5669,0
5670,0.0597419
5671,0.194275
5672,0.315675
5673,0.535251
5674,0.581184
5675,0.651231
5676,0.637281
5677,0.533581
5678,0.502296
5679,0.358908
5680,0.273574
5681,0.12278
5682,0
5683,0
5684,0
5685,0
5686,0
5687,0
5688,0
5689,0
5690,0
5691,0
5692,0
5693,0
5694,0.044648
5695,0.211466
5696,0.39805
5697,0.546309
5698,0.650056
5699,0.702245
5700,0.710706
5701,0.674615
5702,0.604008
5703,0.484503
5704,0.316614
5705,0.12235
5706,0
5707,0
5708,0
5709,0
5710,0
5711,0
5712,0
5713,0
5714,0
5715,0
5716,0
5717,0
5718,0.0416852
5719,0.212271
5720,0.399278
5721,0.549114
5722,0.654401
5723,0.712809
5724,0.731069
5725,0.704194
5726,0.625306
5727,0.495833
5728,0.318516
5729,0.117042
5730,0
5731,0
5732,0
5733,0
5734,0
5735,0
5736,0
5737,0
5738,0
5739,0
5740,0
5741,0
5742,0.0414088
5743,0.212898
5744,0.40245
5745,0.551948
5746,0.655154
5747,0.713388
5748,0.723407
5749,0.694996
5750,0.618735
5751,0.491458
5752,0.315571
5753,0.115892
5754,0
5755,0
5756,0
5757,0
5758,0
5759,0
5760,0
5761,0
5762,0
5763,0
5764,0
5765,0
5766,0.0437118
5767,0.220203
5768,0.405382
5769,0.547061
5770,0.650712
5771,0.710629
5772,0.727815
5773,0.701282
5774,0.625257
5775,0.495392
5776,0.318202
5777,0.114812
5778,0
5779,0
5780,0
5781,0
5782,0
5783,0
5784,0
5785,0
5786,0
5787,0
5788,0
5789,0
5790,0.0458614
5791,0.218023
5792,0.408738
5793,0.556272
5794,0.656908
5795,0.713979
5796,0.727671
5797,0.693577
5798,0.614042
5799,0.484142
5800,0.310216
5801,0.111153
5802,0
5803,0
5804,0
5805,0
5806,0
5807,0
5808,0
5809,0
5810,0
5811,0
5812,0
5813,0
5814,0.0410035
5815,0.219775
5816,0.415646
5817,0.572384
5818,0.678776
5819,0.738945
5820,0.748945
5821,0.714733
5822,0.630442
5823,0.494148
5824,0.318693
5825,0.111606
5826,0
5827,0
5828,0
5829,0
5830,0
5831,0
5832,0
5833,0
5834,0
5835,0
5836,0
5837,0
5838,0.0435084
5839,0.218551
5840,0.410097
5841,0.55857
5842,0.652193
5843,0.693656
5844,0.688203
5845,0.647348
5846,0.576823
5847,0.460586
5848,0.294957
5849,0.0991611
5850,0
5851,0
5852,0
5853,0
5854,0
5855,0
5856,0
5857,0
5858,0
5859,0
5860,0
5861,0
5862,0.0424677
5863,0.216629
5864,0.407125
5865,0.553307
5866,0.65386
5867,0.716891
5868,0.737195
5869,0.70663
5870,0.624066
5871,0.490372
5872,0.311009
5873,0.103032
5874,0
5875,0
5876,0
5877,0
5878,0
5879,0
5880,0
5881,0
5882,0
5883,0
5884,0
5885,0
5886,0.0567182
5887,0.129784
5888,0.249351
5889,0.408519
5890,0.714252
5891,0.776782
5892,0.784778
5893,0.747316
5894,0.650815
5895,0.50379
5896,0.315239
5897,0.097227
5898,0
5899,0
5900,0
5901,0
5902,0
5903,0
5904,0
5905,0
5906,0
5907,0
5908,0
5909,0
5910,0.0531536
5911,0.22399
5912,0.42666
5913,0.588359
5914,0.703295
5915,0.761516
5916,0.771437
5917,0.727628
5918,0.63795
5919,0.496644
5920,0.309254
5921,0.0964075
5922,0
5923,0
5924,0
5925,0
5926,0
5927,0
5928,0
5929,0
5930,0
5931,0
5932,0
5933,0
5934,0.0486053
5935,0.218129
5936,0.409932
5937,0.559017
5938,0.663583
5939,0.722161
5940,0.735462
5941,0.705406
5942,0.622258
5943,0.484158
5944,0.303314
5945,0.0941276
5946,0
5947,0
5948,0
5949,0
5950,0
5951,0
5952,0
5953,0
5954,0
5955,0
5956,0
5957,0
5958,0.0484856
5959,0.219321
5960,0.412473
5961,0.565335
5962,0.670928
5963,0.723948
5964,0.732722
5965,0.69542
5966,0.611245
5967,0.473464
5968,0.300317
5969,0.0912398
5970,0
5971,0
5972,0
5973,0
5974,0
5975,0
5976,0
5977,0
5978,0
5979,0
5980,0
5981,0
5982,0.0451667
5983,0.221254
5984,0.422534
5985,0.580392
5986,0.690315
5987,0.742006
5988,0.747248
5989,0.706842
5990,0.617179
5991,0.47583
5992,0.297403
5993,0.0872806
5994,0
5995,0
5996,0
5997,0
5998,0
5999,0
6000,0
6001,0
6002,0
6003,0
6004,0
6005,0
6006,0.0423382
6007,0.208566
6008,0.398124
6009,0.54741
6010,0.648174
6011,0.703571
6012,0.626355
6013,0.318477
6014,0.39808
6015,0.325419
6016,0.191409
6017,0.0736733
6018,0
6019,0
6020,0
6021,0
6022,0
6023,0
6024,0
6025,0
6026,0
6027,0
6028,0
6029,0
6030,0.0435329
6031,0.181222
6032,0.0739901
6033,0.240364
6034,0.555581
6035,0.618721
6036,0.701151
6037,0.668978
6038,0.583931
6039,0.446609
6040,0.267968
6041,0.0704422
6042,0
6043,0
6044,0
6045,0
6046,0
6047,0
6048,0
6049,0
6050,0
6051,0
6052,0
6053,0
6054,0.042578
6055,0.205881
6056,0.389024
6057,0.535621
6058,0.63197
6059,0.677028
6060,0.674517
6061,0.627715
6062,0.54197
6063,0.417809
6064,0.261747
6065,0.068642
6066,0
6067,0
6068,0
6069,0
6070,0
6071,0
6072,0
6073,0
6074,0
6075,0
6076,0
6077,0
6078,0.0405069
6079,0.20391
6080,0.381456
6081,0.512946
6082,0.602427
6083,0.652429
6084,0.666642
6085,0.639355
6086,0.563016
6087,0.434486
6088,0.264116
6089,0.0682387
6090,0
6091,0
6092,0
6093,0
6094,0
6095,0
6096,0
6097,0
6098,0
6099,0
6100,0
6101,0
6102,0.0430878
6103,0.214394
6104,0.39971
6105,0.547248
6106,0.657461
6107,0.715791
6108,0.729993
6109,0.502987
6110,0.608742
6111,0.464838
6112,0.270271
6113,0.0637119
6114,0
6115,0
6116,0
6117,0
6118,0
6119,0
6120,0
6121,0
6122,0
6123,0
6124,0
6125,0
6126,0.00706037
6127,0.0542237
6128,0.131935
6129,0.399792
6130,0.689702
6131,0.747332
6132,0.754647
6133,0.713392
6134,0.618145
6135,0.472184
6136,0.277971
6137,0.0634771
6138,0
6139,0
6140,0
6141,0
6142,0
6143,0
6144,0
6145,0
6146,0
6147,0
6148,0
6149,0
6150,0.0248269
6151,0.0786102
6152,0.297915
6153,0.384718
6154,0.527942
6155,0.742977
6156,0.747991
6157,0.704147
6158,0.611479
6159,0.465134
6160,0.269092
6161,0.057446
6162,0
6163,0
6164,0
6165,0
6166,0
6167,0
6168,0
6169,0
6170,0
6171,0
6172,0
6173,0
6174,0.0046493
6175,0.0471198
6176,0.157087
6177,0.450087
6178,0.65897
6179,0.710367
6180,0.715922
6181,0.681808
6182,0.59431
6183,0.447563
6184,0.254258
6185,0.0495736
6186,0
6187,0
6188,0
6189,0
6190,0
6191,0
6192,0
6193,0
6194,0
6195,0
6196,0
6197,0
6198,0.0103997
6199,0.0798935
6200,0.152279
6201,0.378824
6202,0.675424
6203,0.731422
6204,0.742915
6205,0.707025
6206,0.617049
6207,0.472762
6208,0.27342
6209,0.0574396
6210,0
6211,0
6212,0
6213,0
6214,0
6215,0
6216,0
6217,0
6218,0
6219,0
6220,0
6221,0
6222,0.0224063
6223,0.123368
6224,0.417652
6225,0.574007
6226,0.678272
6227,0.733937
6228,0.743134
6229,0.703694
6230,0.612974
6231,0.468178
6232,0.270607
6233,0.0548392
6234,0
6235,0
6236,0
6237,0
6238,0
6239,0
6240,0
6241,0
6242,0
6243,0
6244,0
6245,0
6246,0.0454448
6247,0.161191
6248,0.418117
6249,0.57493
6250,0.681812
6251,0.733541
6252,0.738588
6253,0.695199
6254,0.601367
6255,0.457205
6256,0.258888
6257,0.0458881
6258,0
6259,0
6260,0
6261,0
6262,0
6263,0
6264,0
6265,0
6266,0
6267,0
6268,0
6269,0
6270,0.0530345
6271,0.182489
6272,0.433695
6273,0.343176
6274,0.566277
6275,0.34022
6276,0.335286
6277,0.748652
6278,0.641462
6279,0.291527
6280,0.195996
6281,0.0465083
6282,0
6283,0
6284,0
6285,0
6286,0
6287,0
6288,0
6289,0
6290,0
6291,0
6292,0
6293,0
6294,0.0373836
6295,0.22839
6296,0.442214
6297,0.616757
6298,0.734087
6299,0.795991
6300,0.800689
6301,0.754017
6302,0.647363
6303,0.485912
6304,0.280056
6305,0.0515225
6306,0
6307,0
6308,0
6309,0
6310,0
6311,0
6312,0
6313,0
6314,0
6315,0
6316,0
6317,0
6318,0.0372366
6319,0.224603
6320,0.432893
6321,0.59507
6322,0.701347
6323,0.758379
6324,0.764393
6325,0.716308
6326,0.621591
6327,0.469868
6328,0.266593
6329,0.0451526
6330,0
6331,0
6332,0
6333,0
6334,0
6335,0
6336,0
6337,0
6338,0
6339,0
6340,0
6341,0
6342,0.0371411
6343,0.221964
6344,0.419603
6345,0.571114
6346,0.674343
6347,0.732773
6348,0.743162
6349,0.701014
6350,0.607688
6351,0.456065
6352,0.260285
6353,0.0426884
6354,0
6355,0
6356,0
6357,0
6358,0
6359,0
6360,0
6361,0
6362,0
6363,0
6364,0
6365,0
6366,0.0156464
6367,0.216486
6368,0.335828
6369,0.533671
6370,0.673818
6371,0.720107
6372,0.715792
6373,0.66546
6374,0.571045
6375,0.278387
6376,0.248546
6377,0.0376924
6378,0
6379,0
6380,0
6381,0
6382,0
6383,0
6384,0
6385,0
6386,0
6387,0
6388,0
6389,0
6390,0.0350774
6391,0.213948
6392,0.411611
6393,0.564163
6394,0.663507
6395,0.710963
6396,0.715663
6397,0.675789
6398,0.584219
6399,0.433719
6400,0.25037
6401,0.036513
6402,0
6403,0
6404,0
6405,0
6406,0
6407,0
6408,0
6409,0
6410,0
6411,0
6412,0
6413,0
6414,0.0358628
6415,0.21193
6416,0.408528
6417,0.556611
6418,0.648997
6419,0.694083
6420,0.693841
6421,0.654341
6422,0.563268
6423,0.42212
6424,0.228564
6425,0.00988989
6426,0
6427,0
6428,0
6429,0
6430,0
6431,0
6432,0
6433,0
6434,0
6435,0
6436,0
6437,0
6438,0.0367708
6439,0.210529
6440,0.405983
6441,0.560989
6442,0.660321
6443,0.712788
6444,0.714438
6445,0.669264
6446,0.576926
6447,0.42528
6448,0.223597
6449,0.0178768
6450,0
6451,0
6452,0
6453,0
6454,0
6455,0
6456,0
6457,0
6458,0
6459,0
6460,0
6461,0
6462,0.0383082
6463,0.173618
6464,0.403606
6465,0.5439
6466,0.630164
6467,0.683442
6468,0.703076
6469,0.67079
6470,0.577697
6471,0.427756
6472,0.219335
6473,0.0138894
6474,0
6475,0
6476,0
6477,0
6478,0
6479,0
6480,0
6481,0
6482,0
6483,0
6484,0
6485,0
6486,0.0432286
6487,0.154187
6488,0.346773
6489,0.579367
6490,0.694941
6491,0.745588
6492,0.749837
6493,0.701034
6494,0.597829
6495,0.437961
6496,0.227438
6497,0.0139707
6498,0
6499,0
6500,0
6501,0
6502,0
6503,0
6504,0
6505,0
6506,0
6507,0
6508,0
6509,0
6510,0.00599237
6511,0.111093
6512,0.212608
6513,0.255201
6514,0.300933
6515,0.236697
6516,0.244523
6517,0.249399
6518,0.114544
6519,0.0972145
6520,0.0392342
6521,0
6522,0
6523,0
6524,0
6525,0
6526,0
6527,0
6528,0
6529,0
6530,0
6531,0
6532,0
6533,0
6534,0
6535,0.00640735
6536,0.0656989
6537,0.11498
6538,0.20358
6539,0.222402
6540,0.209551
6541,0.243798
6542,0.112077
6543,0.0596127
6544,0.208125
6545,0
6546,0
6547,0
6548,0
6549,0
6550,0
6551,0
6552,0
6553,0
6554,0
6555,0
6556,0
6557,0
6558,0.0346445
6559,0.200606
6560,0.388562
6561,0.538056
6562,0.638995
6563,0.686719
6564,0.687092
6565,0.642514
6566,0.54757
6567,0.399753
6568,0.203321
6569,0
6570,0
6571,0
6572,0
6573,0
6574,0
6575,0
6576,0
6577,0
6578,0
6579,0
6580,0
6581,0
6582,0.0320043
6583,0.201605
6584,0.386192
6585,0.530171
6586,0.63516
6587,0.694811
6588,0.704091
6589,0.654341
6590,0.557646
6591,0.402768
6592,0.197626
6593,0
6594,0
6595,0
6596,0
6597,0
6598,0
6599,0
6600,0
6601,0
6602,0
6603,0
6604,0
6605,0
6606,0.0323923
6607,0.205316
6608,0.4023
6609,0.559181
6610,0.663414
6611,0.72014
6612,0.725342
6613,0.678468
6614,0.575981
6615,0.416829
6616,0.120952
6617,0
6618,0
6619,0
6620,0
6621,0
6622,0
6623,0
6624,0
6625,0
6626,0
6627,0
6628,0
6629,0
6630,0.0331813
6631,0.157144
6632,0.411055
6633,0.571828
6634,0.681067
6635,0.735766
6636,0.738029
6637,0.692404
6638,0.586074
6639,0.423152
6640,0.208421
6641,0
6642,0
6643,0
6644,0
6645,0
6646,0
6647,0
6648,0
6649,0
6650,0
6651,0
6652,0
6653,0
6654,0.0240386
6655,0.0908361
6656,0.276697
6657,0.564821
6658,0.664545
6659,0.572614
6660,0.71972
6661,0.667482
6662,0.564391
6663,0.402505
6664,0.193895
6665,0
6666,0
6667,0
6668,0
6669,0
6670,0
6671,0
6672,0
6673,0
6674,0
6675,0
6676,0
6677,0
6678,0.0213337
6679,0.12043
6680,0.323597
6681,0.4105
6682,0.571079
6683,0.56056
6684,0.548182
6685,0.527008
6686,0.418268
6687,0.298005
6688,0.0525055
6689,0
6690,0
6691,0
6692,0
6693,0
6694,0
6695,0
6696,0
6697,0
6698,0
6699,0
6700,0
6701,0
6702,0.0298348
6703,0.203481
6704,0.395573
6705,0.538549
6706,0.637931
6707,0.690412
6708,0.691023
6709,0.64832
6710,0.550312
6711,0.394725
6712,0.188039
6713,0
6714,0
6715,0
6716,0
6717,0
6718,0
6719,0
6720,0
6721,0
6722,0
6723,0
6724,0
6725,0
6726,0.0309365
6727,0.0660169
6728,0.403497
6729,0.560437
6730,0.667208
6731,0.720262
6732,0.721904
6733,0.677962
6734,0.569852
6735,0.406343
6736,0.190818
6737,0
6738,0
6739,0
6740,0
6741,0
6742,0
6743,0
6744,0
6745,0
6746,0
6747,0
6748,0
6749,0
6750,0.0317336
6751,0.0905862
6752,0.245524
6753,0.550462
6754,0.660896
6755,0.710648
6756,0.709313
6757,0.653111
6758,0.550194
6759,0.17656
6760,0.0397477
6761,0
6762,0
6763,0
6764,0
6765,0
6766,0
6767,0
6768,0
6769,0
6770,0
6771,0
6772,0
6773,0
6774,0.0172765
6775,0.100955
6776,0.407598
6777,0.383329
6778,0.685235
6779,0.737377
6780,0.53332
6781,0.691476
6782,0.580461
6783,0.413038
6784,0.191159
6785,0
6786,0
6787,0
6788,0
6789,0
6790,0
6791,0
6792,0
6793,0
6794,0
6795,0
6796,0
6797,0
6798,0
6799,0.0880261
6800,0.0828452
6801,0.416398
6802,0.460283
6803,0.378405
6804,0.0909627
6805,0.106072
6806,0.00891802
6807,0
6808,0
6809,0
6810,0
6811,0
6812,0
6813,0
6814,0
6815,0
6816,0
6817,0
6818,0
6819,0
6820,0
6821,0
6822,0
6823,0.0652511
6824,0.118602
6825,0.0868754
6826,0.447573
6827,0.602738
6828,0.449192
6829,0.47349
6830,0.227498
6831,0.0492775
6832,0.019752
6833,0
6834,0
6835,0
6836,0
6837,0
6838,0
6839,0
6840,0
6841,0
6842,0
6843,0
6844,0
6845,0
6846,0
6847,0.198968
6848,0.399314
6849,0.555685
6850,0.658098
6851,0.708379
6852,0.587477
6853,0.509016
6854,0.546109
6855,0.383144
6856,0.170231
6857,0
6858,0
6859,0
6860,0
6861,0
6862,0
6863,0
6864,0
6865,0
6866,0
6867,0
6868,0
6869,0
6870,0
6871,0.196389
6872,0.393105
6873,0.547217
6874,0.645887
6875,0.690659
6876,0.683777
6877,0.636333
6878,0.5343
6879,0.374702
6880,0.166285
6881,0
6882,0
6883,0
6884,0
6885,0
6886,0
6887,0
6888,0
6889,0
6890,0
6891,0
6892,0
6893,0
6894,0
6895,0.193805
6896,0.390063
6897,0.412129
6898,0.55483
6899,0.690162
6900,0.679999
6901,0.632109
6902,0.530341
6903,0.37409
6904,0.0743399
6905,0
6906,0
6907,0
6908,0
6909,0
6910,0
6911,0
6912,0
6913,0
6914,0
6915,0
6916,0
6917,0
6918,0
6919,0.191545
6920,0.382055
6921,0.525565
6922,0.626851
6923,0.676099
6924,0.677784
6925,0.63303
6926,0.529662
6927,0.367976
6928,0.158963
6929,0
6930,0
6931,0
6932,0
6933,0
6934,0
6935,0
6936,0
6937,0
6938,0
6939,0
6940,0
6941,0
6942,0
6943,0.189989
6944,0.38242
6945,0.533606
6946,0.633409
6947,0.683943
6948,0.679937
6949,0.632033
6950,0.521967
6951,0.361389
6952,0.151903
6953,0
6954,0
6955,0
6956,0
6957,0
6958,0
6959,0
6960,0
6961,0
6962,0
6963,0
6964,0
6965,0
6966,0
6967,0.0199967
6968,0.184197
6969,0.219377
6970,0.126962
6971,0.145554
6972,0.214022
6973,0.28935
6974,0.224319
6975,0.271909
6976,0.136453
6977,0
6978,0
6979,0
6980,0
6981,0
6982,0
6983,0
6984,0
6985,0
6986,0
6987,0
6988,0
6989,0
6990,0
6991,0.186602
6992,0.379772
6993,0.526491
6994,0.62178
6995,0.664008
6996,0.662943
6997,0.619308
6998,0.520022
6999,0.355764
7000,0.13869
7001,0
7002,0
7003,0
7004,0
7005,0
7006,0
7007,0
7008,0
7009,0
7010,0
7011,0
7012,0
7013,0
7014,0
7015,0.00470453
7016,0.0341881
7017,0.0799037
7018,0.124872
7019,0.14696
7020,0.165856
7021,0.250919
7022,0.102564
7023,0.0257888
7024,0.00133719
7025,0
7026,0
7027,0
7028,0
7029,0
7030,0
7031,0
7032,0
7033,0
7034,0
7035,0
7036,0
7037,0
7038,0
7039,0.0114197
7040,0.139179
7041,0.141746
7042,0.151877
7043,0.459842
7044,0.699288
7045,0.643601
7046,0.243493
7047,0.00206011
7048,0
7049,0
7050,0
7051,0
7052,0
7053,0
7054,0
7055,0
7056,0
7057,0
7058,0
7059,0
7060,0
7061,0
7062,0
7063,0.113375
7064,0.107411
7065,0.329196
7066,0.273067
7067,0.225797
7068,0.332998
7069,0.342836
7070,0.213352
7071,0.363578
7072,0.0276426
7073,0
7074,0
7075,0
7076,0
7077,0
7078,0
7079,0
7080,0
7081,0
7082,0
7083,0
7084,0
7085,0
7086,0
7087,0.188493
7088,0.2558
7089,0.385869
7090,0.24546
7091,0.593601
7092,0.723131
7093,0.662665
7094,0.546262
7095,0.369883
7096,0.142421
7097,0
7098,0
7099,0
7100,0
7101,0
7102,0
7103,0
7104,0
7105,0
7106,0
7107,0
7108,0
7109,0
7110,0
7111,0.194885
7112,0.408743
7113,0.571062
7114,0.681442
7115,0.737789
7116,0.734903
7117,0.676814
7118,0.558881
7119,0.379634
7120,0.1455
7121,0
7122,0
7123,0
7124,0
7125,0
7126,0
7127,0
7128,0
7129,0
7130,0
7131,0
7132,0
7133,0
7134,0
7135,0.184456
7136,0.387079
7137,0.539986
7138,0.642777
7139,0.695058
7140,0.691139
7141,0.632085
7142,0.522195
7143,0.353398
7144,0.132891
7145,0
7146,0
7147,0
7148,0
7149,0
7150,0
7151,0
7152,0
7153,0
7154,0
7155,0
7156,0
7157,0
7158,0
7159,0.18648
7160,0.391756
7161,0.553891
7162,0.653539
7163,0.695573
7164,0.681186
7165,0.626614
7166,0.51659
7167,0.346572
7168,0.129458
7169,0
7170,0
7171,0
7172,0
7173,0
7174,0
7175,0
7176,0
7177,0
7178,0
7179,0
7180,0
7181,0
7182,0
7183,0.18449
7184,0.390428
7185,0.547695
7186,0.645127
7187,0.689155
7188,0.677176
7189,0.622448
7190,0.513513
7191,0.348015
7192,0.126715
7193,0
7194,0
7195,0
7196,0
7197,0
7198,0
7199,0
7200,0
7201,0
7202,0
7203,0
7204,0
7205,0
7206,0
7207,0.179702
7208,0.382963
7209,0.534401
7210,0.628
7211,0.666026
7212,0.664647
7213,0.615669
7214,0.508823
7215,0.345077
7216,0.124707
7217,0
7218,0
7219,0
7220,0
7221,0
7222,0
7223,0
7224,0
7225,0
7226,0
7227,0
7228,0
7229,0
7230,0
7231,0.179362
7232,0.37504
7233,0.525182
7234,0.634639
7235,0.687562
7236,0.687932
7237,0.63418
7238,0.52088
7239,0.349298
7240,0.123356
7241,0
7242,0
7243,0
7244,0
7245,0
7246,0
7247,0
7248,0
7249,0
7250,0
7251,0
7252,0
7253,0
7254,0
7255,0.177656
7256,0.373184
7257,0.523423
7258,0.62987
7259,0.686407
7260,0.683995
7261,0.63248
7262,0.517557
7263,0.345927
7264,0.118479
7265,0
7266,0
7267,0
7268,0
7269,0
7270,0
7271,0
7272,0
7273,0
7274,0
7275,0
7276,0
7277,0
7278,0
7279,0.175413
7280,0.376417
7281,0.528325
7282,0.633163
7283,0.682532
7284,0.679738
7285,0.482228
7286,0.380871
7287,0.259308
7288,0.126711
7289,0
7290,0
7291,0
7292,0
7293,0
7294,0
7295,0
7296,0
7297,0
7298,0
7299,0
7300,0
7301,0
7302,0
7303,0.0434206
7304,0.38141
7305,0.430497
7306,0.493225
7307,0.561897
7308,0.669424
7309,0.614698
7310,0.42322
7311,0.339431
7312,0.0460524
7313,0
7314,0
7315,0
7316,0
7317,0
7318,0
7319,0
7320,0
7321,0
7322,0
7323,0
7324,0
7325,0
7326,0
7327,0.172572
7328,0.378483
7329,0.541189
7330,0.652394
7331,0.703662
7332,0.696045
7333,0.365655
7334,0.523057
7335,0.341963
7336,0.112497
7337,0
7338,0
7339,0
7340,0
7341,0
7342,0
7343,0
7344,0
7345,0
7346,0
7347,0
7348,0
7349,0
7350,0
7351,0.175985
7352,0.382626
7353,0.541243
7354,0.639311
7355,0.681936
7356,0.66905
7357,0.610184
7358,0.49888
7359,0.329087
7360,0.103024
7361,0
7362,0
7363,0
7364,0
7365,0
7366,0
7367,0
7368,0
7369,0
7370,0
7371,0
7372,0
7373,0
7374,0
7375,0.167937
7376,0.370908
7377,0.523569
7378,0.624775
7379,0.671831
7380,0.663824
7381,0.605272
7382,0.485309
7383,0.308879
7384,0.0823576
7385,0
7386,0
7387,0
7388,0
7389,0
7390,0
7391,0
7392,0
7393,0
7394,0
7395,0
7396,0
7397,0
7398,0
7399,0.07444
7400,0.229178
7401,0.516931
7402,0.622376
7403,0.673192
7404,0.667729
7405,0.607903
7406,0.49113
7407,0.31498
7408,0.0875717
7409,0
7410,0
7411,0
7412,0
7413,0
7414,0
7415,0
7416,0
7417,0
7418,0
7419,0
7420,0
7421,0
7422,0
7423,0.0914515
7424,0.218816
7425,0.527103
7426,0.502386
7427,0.536328
7428,0.524874
7429,0.412012
7430,0.381709
7431,0.281874
7432,0.0641426
7433,0
7434,0
7435,0
7436,0
7437,0
7438,0
7439,0
7440,0
7441,0
7442,0
7443,0
7444,0
7445,0
7446,0
7447,0.00831124
7448,0.365141
7449,0.273463
7450,0.649518
7451,0.697546
7452,0.688608
7453,0.624259
7454,0.503955
7455,0.269254
7456,0.0919848
7457,0
7458,0
7459,0
7460,0
7461,0
7462,0
7463,0
7464,0
7465,0
7466,0
7467,0
7468,0
7469,0
7470,0
7471,0
7472,0.0318029
7473,0.109109
7474,0.0304006
7475,0.0631435
7476,0.108517
7477,0.308643
7478,0.291628
7479,0.328671
7480,0.0915876
7481,0
7482,0
7483,0
7484,0
7485,0
7486,0
7487,0
7488,0
7489,0
7490,0
7491,0
7492,0
7493,0
7494,0
7495,0.15956
7496,0.357358
7497,0.509828
7498,0.617264
7499,0.670983
7500,0.669803
7501,0.614031
7502,0.502655
7503,0.324016
7504,0.0898974
7505,0
7506,0
7507,0
7508,0
7509,0
7510,0
7511,0
7512,0
7513,0
7514,0
7515,0
7516,0
7517,0
7518,0
7519,0.158862
7520,0.361764
7521,0.522931
7522,0.630656
7523,0.68032
7524,0.673673
7525,0.617422
7526,0.499441
7527,0.325939
7528,0.0945082
7529,0
7530,0
7531,0
7532,0
7533,0
7534,0
7535,0
7536,0
7537,0
7538,0
7539,0
7540,0
7541,0
7542,0
7543,0.15479
7544,0.364128
7545,0.525964
7546,0.624618
7547,0.670456
7548,0.659249
7549,0.601147
7550,0.486289
7551,0.319961
7552,0.0904432
7553,0
7554,0
7555,0
7556,0
7557,0
7558,0
7559,0
7560,0
7561,0
7562,0
7563,0
7564,0
7565,0
7566,0
7567,0.151153
7568,0.350025
7569,0.509951
7570,0.611935
7571,0.659744
7572,0.65192
7573,0.598556
7574,0.483328
7575,0.311207
7576,0.0843914
7577,0
7578,0
7579,0
7580,0
7581,0
7582,0
7583,0
7584,0
7585,0
7586,0
7587,0
7588,0
7589,0
7590,0
7591,0.143583
7592,0.339837
7593,0.495707
7594,0.60077
7595,0.642444
7596,0.636253
7597,0.583461
7598,0.401173
7599,0.237508
7600,0.0533679
7601,0
7602,0
7603,0
7604,0
7605,0
7606,0
7607,0
7608,0
7609,0
7610,0
7611,0
7612,0
7613,0
7614,0
7615,0.13681
7616,0.335903
7617,0.331755
7618,0.591577
7619,0.632711
7620,0.464041
7621,0.448952
7622,0.153464
7623,0.224132
7624,0.0153715
7625,0
7626,0
7627,0
7628,0
7629,0
7630,0
7631,0
7632,0
7633,0
7634,0
7635,0
7636,0
7637,0
7638,0
7639,0.136056
7640,0.337174
7641,0.490967
7642,0.594042
7643,0.423296
7644,0.64318
7645,0.583086
7646,0.473743
7647,0.307877
7648,0.0806164
7649,0
7650,0
7651,0
7652,0
7653,0
7654,0
7655,0
7656,0
7657,0
7658,0
7659,0
7660,0
7661,0
7662,0
7663,0.132401
7664,0.338984
7665,0.494757
7666,0.496279
7667,0.529633
7668,0.469313
7669,0.411195
7670,0.477816
7671,0.308838
7672,0.0775866
7673,0
7674,0
7675,0
7676,0
7677,0
7678,0
7679,0
7680,0
7681,0
7682,0
7683,0
7684,0
7685,0
7686,0
7687,0.0534763
7688,0.100927
7689,0.526254
7690,0.427033
7691,0.256931
7692,0.0633665
7693,0.259578
7694,0.251765
7695,0.214603
7696,0.0132897
7697,0
7698,0
7699,0
7700,0
7701,0
7702,0
7703,0
7704,0
7705,0
7706,0
7707,0
7708,0
7709,0
7710,0
7711,0.0411978
7712,0.34187
7713,0.510631
7714,0.621275
7715,0.677949
7716,0.676208
7717,0.608758
7718,0.490657
7719,0.304839
7720,0.0596649
7721,0
7722,0
7723,0
7724,0
7725,0
7726,0
7727,0
7728,0
7729,0
7730,0
7731,0
7732,0
7733,0
7734,0
7735,0.126074
7736,0.331598
7737,0.49558
7738,0.291971
7739,0.48091
7740,0.495749
7741,0.497019
7742,0.341808
7743,0.212882
7744,0.0099063
7745,0
7746,0
7747,0
7748,0
7749,0
7750,0
7751,0
7752,0
7753,0
7754,0
7755,0
7756,0
7757,0
7758,0
7759,0.0156728
7760,0.0370067
7761,0.0524136
7762,0.0438657
7763,0.0888018
7764,0.0663637
7765,0.0807947
7766,0.086991
7767,0.0877415
7768,0.0633806
7769,0
7770,0
7771,0
7772,0
7773,0
7774,0
7775,0
7776,0
7777,0
7778,0
7779,0
7780,0
7781,0
7782,0
7783,0.0517189
7784,0.347702
7785,0.520195
7786,0.637279
7787,0.696364
7788,0.696461
7789,0.64213
7790,0.521881
7791,0.333536
7792,0.0828446
7793,0
7794,0
7795,0
7796,0
7797,0
7798,0
7799,0
7800,0
7801,0
7802,0
7803,0
7804,0
7805,0
7806,0
7807,0.134597
7808,0.353745
7809,0.52041
7810,0.636561
7811,0.692971
7812,0.689231
7813,0.632081
7814,0.514102
7815,0.329995
7816,0.0802754
7817,0
7818,0
7819,0
7820,0
7821,0
7822,0
7823,0
7824,0
7825,0
7826,0
7827,0
7828,0
7829,0
7830,0
7831,0.128789
7832,0.340177
7833,0.390108
7834,0.616102
7835,0.666767
7836,0.656969
7837,0.593879
7838,0.478138
7839,0.310433
7840,0.0705438
7841,0
7842,0
7843,0
7844,0
7845,0
7846,0
7847,0
7848,0
7849,0
7850,0
7851,0
7852,0
7853,0
7854,0
7855,0.121201
7856,0.337328
7857,0.502091
7858,0.610266
7859,0.664181
7860,0.664685
7861,0.609736
7862,0.493502
7863,0.313598
7864,0.0722755
7865,0
7866,0
7867,0
7868,0
7869,0
7870,0
7871,0
7872,0
7873,0
7874,0
7875,0
7876,0
7877,0
7878,0
7879,0.119167
7880,0.222719
7881,0.326086
7882,0.588759
7883,0.633819
7884,0.438393
7885,0.582181
7886,0.47047
7887,0.300691
7888,0.0696953
7889,0
7890,0
7891,0
7892,0
7893,0
7894,0
7895,0
7896,0
7897,0
7898,0
7899,0
7900,0
7901,0
7902,0
7903,0.111427
7904,0.319412
7905,0.480635
7906,0.583094
7907,0.629393
7908,0.624433
7909,0.572885
7910,0.462521
7911,0.297307
7912,0.0618293
7913,0
7914,0
7915,0
7916,0
7917,0
7918,0
7919,0
7920,0
7921,0
7922,0
7923,0
7924,0
7925,0
7926,0
7927,0.0361525
7928,0.0945406
7929,0.280851
7930,0.211233
7931,0.634045
7932,0.309596
7933,0.218206
7934,0.465363
7935,0.290704
7936,0.0533134
7937,0
7938,0
7939,0
7940,0
7941,0
7942,0
7943,0
7944,0
7945,0
7946,0
7947,0
7948,0
7949,0
7950,0
7951,0.0812369
7952,0.184429
7953,0.324006
7954,0.393788
7955,0.420066
7956,0.442004
7957,0.346121
7958,0.309641
7959,0.190495
7960,0.00553757
7961,0
7962,0
7963,0
7964,0
7965,0
7966,0
7967,0
7968,0
7969,0
7970,0
7971,0
7972,0
7973,0
7974,0
7975,0.0771522
7976,0.313434
7977,0.487887
7978,0.603525
7979,0.662474
7980,0.660335
7981,0.604495
7982,0.483512
7983,0.306899
7984,0.0606708
7985,0
7986,0
7987,0
7988,0
7989,0
7990,0
7991,0
7992,0
7993,0
7994,0
7995,0
7996,0
7997,0
7998,0
7999,0.0787406
8000,0.08865
8001,0.208707
8002,0.326743
8003,0.454652
8004,0.442186
8005,0.594988
8006,0.475129
8007,0.302437
8008,0.0483987
8009,0
8010,0
8011,0
8012,0
8013,0
8014,0
8015,0
8016,0
8017,0
8018,0
8019,0
8020,0
8021,0
8022,0
8023,0.0663319
8024,0.141284
8025,0.269368
8026,0.300171
8027,0.419668
8028,0.259189
8029,0.0659022
8030,0.0650977
8031,0.1497
8032,0.0023274
8033,0
8034,0
8035,0
8036,0
8037,0
8038,0
8039,0
8040,0
8041,0
8042,0
8043,0
8044,0
8045,0
8046,0
8047,0.0878122
8048,0.296995
8049,0.468375
8050,0.589299
8051,0.647066
8052,0.639793
8053,0.585821
8054,0.471763
8055,0.291218
8056,0.0527214
8057,0
8058,0
8059,0
8060,0
8061,0
8062,0
8063,0
8064,0
8065,0
8066,0
8067,0
8068,0
8069,0
8070,0
8071,0.0925186
8072,0.301146
8073,0.47113
8074,0.583863
8075,0.629859
8076,0.622692
8077,0.563195
8078,0.45052
8079,0.277404
8080,0.0446638
8081,0
8082,0
8083,0
8084,0
8085,0
8086,0
8087,0
8088,0
8089,0
8090,0
8091,0
8092,0
8093,0
8094,0
8095,0.0333386
8096,0.22187
8097,0.372735
8098,0.48648
8099,0.495814
8100,0.340901
8101,0.148524
8102,0.0928656
8103,0.0419143
8104,0
8105,0
8106,0
8107,0
8108,0
8109,0
8110,0
8111,0
8112,0
8113,0
8114,0
8115,0
8116,0
8117,0
8118,0
8119,0.0853232
8120,0.291161
8121,0.454326
8122,0.563417
8123,0.60353
8124,0.469865
8125,0.451485
8126,0.388524
8127,0.279481
8128,0.00703423
8129,0
8130,0
8131,0
8132,0
8133,0
8134,0
8135,0
8136,0
8137,0
8138,0
8139,0
8140,0
8141,0
8142,0
8143,0.0422132
8144,0.258441
8145,0.0467533
8146,0.156614
8147,0.454454
8148,0.114415
8149,0.0463808
8150,0.0702596
8151,0.00801508
8152,0
8153,0
8154,0
8155,0
8156,0
8157,0
8158,0
8159,0
8160,0
8161,0
8162,0
8163,0
8164,0
8165,0
8166,0
8167,0
8168,0.0312419
8169,0.251276
8170,0.335734
8171,0.59385
8172,0.581304
8173,0.539398
8174,0.442738
8175,0.286303
8176,0.0610288
8177,0
8178,0
8179,0
8180,0
8181,0
8182,0
8183,0
8184,0
8185,0
8186,0
8187,0
8188,0
8189,0
8190,0
8191,0
8192,0.0125022
8193,0.0107381
8194,0.0490962
8195,0.0537997
8196,0.0279191
8197,0.0255787
8198,0.0315669
8199,0.0552875
8200,0
8201,0
8202,0
8203,0
8204,0
8205,0
8206,0
8207,0
8208,0
8209,0
8210,0
8211,0
8212,0
8213,0
8214,0
8215,0
8216,0.0416019
8217,0.247879
8218,0.41276
8219,0.423089
8220,0.358479
8221,0.266138
8222,0.0383602
8223,0.0723123
8224,0
8225,0
8226,0
8227,0
8228,0
8229,0
8230,0
8231,0
8232,0
8233,0
8234,0
8235,0
8236,0
8237,0
8238,0
8239,0.0669524
8240,0.0972933
8241,0.430364
8242,0.0636668
8243,0.145508
8244,0.092992
8245,0.0785435
8246,0.0539885
8247,0.0243474
8248,0
8249,0
8250,0
8251,0
8252,0
8253,0
8254,0
8255,0
8256,0
8257,0
8258,0
8259,0
8260,0
8261,0
8262,0
8263,0.0752554
8264,0.144931
8265,0.377376
8266,0.140262
8267,0.258602
8268,0.494567
8269,0.155876
8270,0.319489
8271,0.275005
8272,0.00836428
8273,0
8274,0
8275,0
8276,0
8277,0
8278,0
8279,0
8280,0
8281,0
8282,0
8283,0
8284,0
8285,0
8286,0
8287,0.0718254
8288,0.0153809
8289,0.1278
8290,0.606453
8291,0.675491
8292,0.685514
8293,0.629184
8294,0.507914
8295,0.324778
8296,0.0682969
8297,0
8298,0
8299,0
8300,0
8301,0
8302,0
8303,0
8304,0
8305,0
8306,0
8307,0
8308,0
8309,0
8310,0
8311,0.0739316
8312,0.281064
8313,0.452952
8314,0.574304
8315,0.638114
8316,0.643746
8317,0.590843
8318,0.473791
8319,0.292865
8320,0.0458962
8321,0
8322,0
8323,0
8324,0
8325,0
8326,0
8327,0
8328,0
8329,0
8330,0
8331,0
8332,0
8333,0
8334,0
8335,0.0655141
8336,0.15399
8337,0.446395
8338,0.458497
8339,0.34166
8340,0.389524
8341,0.349767
8342,0.19227
8343,0.300457
8344,0.0100101
8345,0
8346,0
8347,0
8348,0
8349,0
8350,0
8351,0
8352,0
8353,0
8354,0
8355,0
8356,0
8357,0
8358,0
8359,0.0632866
8360,0.258125
8361,0.430588
8362,0.555896
8363,0.512499
8364,0.631334
8365,0.584127
8366,0.474816
8367,0.302924
8368,0.0681732
8369,0
8370,0
8371,0
8372,0
8373,0
8374,0
8375,0
8376,0
8377,0
8378,0
8379,0
8380,0
8381,0
8382,0
8383,0.0718573
8384,0.280227
8385,0.457678
8386,0.57414
8387,0.631122
8388,0.633435
8389,0.581923
8390,0.473288
8391,0.312598
8392,0.0747677
8393,0
8394,0
8395,0
8396,0
8397,0
8398,0
8399,0
8400,0
8401,0
8402,0
8403,0
8404,0
8405,0
8406,0
8407,0.0695476
8408,0.276646
8409,0.453527
8410,0.565593
8411,0.611189
8412,0.609151
8413,0.575255
8414,0.477872
8415,0.316511
8416,0.0787483
8417,0
8418,0
8419,0
8420,0
8421,0
8422,0
8423,0
8424,0
8425,0
8426,0
8427,0
8428,0
8429,0
8430,0
8431,0.0754713
8432,0.292398
8433,0.473246
8434,0.598647
8435,0.664847
8436,0.669234
8437,0.616628
8438,0.503779
8439,0.177029
8440,0.0158348
8441,0
8442,0
8443,0
8444,0
8445,0
8446,0
8447,0
8448,0
8449,0
8450,0
8451,0
8452,0
8453,0
8454,0
8455,0.0200032
8456,0.257717
8457,0.466227
8458,0.584607
8459,0.645878
8460,0.647868
8461,0.597534
8462,0.486922
8463,0.321265
8464,0.0799495
8465,0
8466,0
8467,0
8468,0
8469,0
8470,0
8471,0
8472,0
8473,0
8474,0
8475,0
8476,0
8477,0
8478,0
8479,0.0317253
8480,0.153651
8481,0.303722
8482,0.5585
8483,0.618744
8484,0.627886
8485,0.585868
8486,0.479088
8487,0.316488
8488,0.0789767
8489,0
8490,0
8491,0
8492,0
8493,0
8494,0
8495,0
8496,0
8497,0
8498,0
8499,0
8500,0
8501,0
8502,0
8503,0.0640565
8504,0.268169
8505,0.445879
8506,0.567169
8507,0.630695
8508,0.637755
8509,0.588599
8510,0.481992
8511,0.313172
8512,0.0149094
8513,0
8514,0
8515,0
8516,0
8517,0
8518,0
8519,0
8520,0
8521,0
8522,0
8523,0
8524,0
8525,0
8526,0
8527,0.0612272
8528,0.270406
8529,0.44538
8530,0.56184
8531,0.61926
8532,0.630255
8533,0.584538
8534,0.481738
8535,0.315054
8536,0.0745105
8537,0
8538,0
8539,0
8540,0
8541,0
8542,0
8543,0
8544,0
8545,0
8546,0
8547,0
8548,0
8549,0
8550,0
8551,0
8552,0.122244
8553,0.274886
8554,0.544215
8555,0.45609
8556,0.624325
8557,0.573853
8558,0.465212
8559,0.301196
8560,0.0696578
8561,0
8562,0
8563,0
8564,0
8565,0
8566,0
8567,0
8568,0
8569,0
8570,0
8571,0
8572,0
8573,0
8574,0
8575,0
8576,0.261536
8577,0.436319
8578,0.553876
8579,0.612692
8580,0.620125
8581,0.576108
8582,0.470463
8583,0.306598
8584,0.0165744
8585,0
8586,0
8587,0
8588,0
8589,0
8590,0
8591,0
8592,0
8593,0
8594,0
8595,0
8596,0
8597,0
8598,0
8599,0
8600,0.274075
8601,0.461926
8602,0.593679
8603,0.669346
8604,0.681978
8605,0.623712
8606,0.51521
8607,0.185628
8608,0.011613
8609,0
8610,0
8611,0
8612,0
8613,0
8614,0
8615,0
8616,0
8617,0
8618,0
8619,0
8620,0
8621,0
8622,0
8623,0
8624,0.278069
8625,0.462208
8626,0.590611
8627,0.656136
8628,0.664546
8629,0.618784
8630,0.512259
8631,0.347483
8632,0.109535
8633,0
8634,0
8635,0
8636,0
8637,0
8638,0
8639,0
8640,0
8641,0
8642,0
8643,0
8644,0
8645,0
8646,0
8647,0
8648,0.273478
8649,0.455883
8650,0.578507
8651,0.64587
8652,0.654214
8653,0.61061
8654,0.50363
8655,0.194892
8656,0.0140388
8657,0
8658,0
8659,0
8660,0
8661,0
8662,0
8663,0
8664,0
8665,0
8666,0
8667,0
8668,0
8669,0
8670,0
8671,0
8672,0.268794
8673,0.450394
8674,0.567575
8675,0.631088
8676,0.635053
8677,0.587084
8678,0.487127
8679,0.335623
8680,0.110027
8681,0
8682,0
8683,0
8684,0
8685,0
8686,0
8687,0
8688,0
8689,0
8690,0
8691,0
8692,0
8693,0
8694,0
8695,0
8696,0.262669
8697,0.445882
8698,0.564145
8699,0.631148
8700,0.640017
8701,0.600438
8702,0.496206
8703,0.33646
8704,0.104011
8705,0
8706,0
8707,0
8708,0
8709,0
8710,0
8711,0
8712,0
8713,0
8714,0
8715,0
8716,0
8717,0
8718,0
8719,0
8720,0.150849
8721,0.428424
8722,0.430836
8723,0.455494
8724,0.444597
8725,0.558869
8726,0.233255
8727,0.0943434
8728,0.00652335
8729,0
8730,0
8731,0
8732,0
8733,0
8734,0
8735,0
8736,0
8737,0
8738,0
8739,0
8740,0
8741,0
8742,0
8743,0
8744,0.132678
8745,0.282053
8746,0.527109
8747,0.585557
8748,0.595581
8749,0.452386
8750,0.454154
8751,0.239314
8752,0.0968025
8753,0
8754,0
8755,0
8756,0
8757,0
8758,0
8759,0
